-- phpMyAdmin SQL Dump
-- version 5.2.1
-- https://www.phpmyadmin.net/
--
-- Host: localhost:3306
-- Generation Time: Jul 28, 2023 at 12:26 PM
-- Server version: 10.3.39-MariaDB-cll-lve
-- PHP Version: 8.2.6

SET SQL_MODE = "NO_AUTO_VALUE_ON_ZERO";
START TRANSACTION;
SET time_zone = "+00:00";


/*!40101 SET @OLD_CHARACTER_SET_CLIENT=@@CHARACTER_SET_CLIENT */;
/*!40101 SET @OLD_CHARACTER_SET_RESULTS=@@CHARACTER_SET_RESULTS */;
/*!40101 SET @OLD_COLLATION_CONNECTION=@@COLLATION_CONNECTION */;
/*!40101 SET NAMES utf8mb4 */;

--
-- Database: `odzhvlzt_bjsystem`
--

-- --------------------------------------------------------

--
-- Table structure for table `assignstore`
--

CREATE TABLE `assignstore` (
  `username` varchar(20) NOT NULL,
  `storeid` int(11) NOT NULL,
  `status` tinyint(4) NOT NULL DEFAULT 0 COMMENT '1: hapus, 0: tidak terhapus',
  `userid` varchar(10) NOT NULL,
  `lastupdate` timestamp NOT NULL DEFAULT current_timestamp() ON UPDATE current_timestamp()
) ENGINE=InnoDB DEFAULT CHARSET=latin1 COLLATE=latin1_swedish_ci;

--
-- Dumping data for table `assignstore`
--

INSERT INTO `assignstore` (`username`, `storeid`, `status`, `userid`, `lastupdate`) VALUES
('kasirdua', 1, 0, 'admin', '2023-07-10 05:46:20'),
('kasirherba', 4, 0, 'admin', '2023-07-10 05:54:26'),
('kasirsatu', 2, 0, 'admin', '2023-07-10 05:46:32'),
('kasirtiga', 3, 0, 'admin', '2023-07-10 05:46:39'),
('nandakatos', 5, 1, 'admin', '2023-07-16 03:41:13');

-- --------------------------------------------------------

--
-- Table structure for table `guide`
--

CREATE TABLE `guide` (
  `id` int(11) NOT NULL,
  `idpartner` varchar(5) NOT NULL,
  `nama` varchar(50) NOT NULL,
  `whatsapp` varchar(20) NOT NULL,
  `noktp` varchar(20) NOT NULL,
  `status` enum('yes','no') NOT NULL DEFAULT 'no' COMMENT 'hapus/ tidak',
  `userid` varchar(10) NOT NULL,
  `create_at` datetime NOT NULL DEFAULT current_timestamp(),
  `update_at` datetime DEFAULT NULL ON UPDATE current_timestamp()
) ENGINE=InnoDB DEFAULT CHARSET=latin1 COLLATE=latin1_swedish_ci;

--
-- Dumping data for table `guide`
--

INSERT INTO `guide` (`id`, `idpartner`, `nama`, `whatsapp`, `noktp`, `status`, `userid`, `create_at`, `update_at`) VALUES
(1, '00001', 'I Wayan Hendrawan', '087857858171', '5104062102900000', 'no', 'admin', '2023-06-27 14:00:55', '2023-07-10 12:25:30'),
(2, '00002', 'I Gede Wirawan', '081353337353', '5101022308800002', 'no', 'admin', '2023-07-10 12:26:09', NULL),
(3, '00003', 'Wulan (Home Saranam) Agent Resort', '087706563042', '', 'no', 'admin', '2023-07-10 12:26:50', NULL),
(4, '00005', 'Ahmad Junaedi', '082146123536', '5171030706890023', 'no', 'admin', '2023-07-10 12:27:59', NULL),
(5, '00004', 'Bu Kadek Payangan', '0', '', 'no', 'admin', '2023-07-10 12:28:42', NULL),
(6, '00006', 'I Made Raka Darmawan', '087855840315', '5103041812990003', 'no', 'admin', '2023-07-10 12:29:33', NULL),
(7, '00009', 'Ivan', '0', '', 'no', 'admin', '2023-07-10 12:30:02', NULL),
(8, '0007', 'Ramacandia Hanasongsa', '08214759998', '5171022207960001', 'no', 'admin', '2023-07-10 12:30:56', NULL),
(9, '00008', 'I Made Mariyasa', '082145862639', '5104050702830001', 'no', 'admin', '2023-07-10 12:31:46', NULL),
(10, '00010', 'Ketut Soni Santika', '087762203140', '5108091807930003', 'no', 'admin', '2023-07-10 12:32:27', NULL);

-- --------------------------------------------------------

--
-- Table structure for table `items`
--

CREATE TABLE `items` (
  `id` int(11) NOT NULL,
  `namaitem` varchar(100) NOT NULL,
  `userid` varchar(10) NOT NULL,
  `status` enum('yes','no') NOT NULL DEFAULT 'no' COMMENT 'hapus/tidak',
  `create_at` datetime NOT NULL DEFAULT current_timestamp(),
  `update_at` datetime DEFAULT NULL ON UPDATE current_timestamp()
) ENGINE=InnoDB DEFAULT CHARSET=latin1 COLLATE=latin1_swedish_ci;

--
-- Dumping data for table `items`
--

INSERT INTO `items` (`id`, `namaitem`, `userid`, `status`, `create_at`, `update_at`) VALUES
(1, 'Roll On Internasional', 'admin', 'no', '2023-06-27 14:07:08', '2023-06-27 15:09:49'),
(2, 'Garam Berlian Domestik', 'admin', 'no', '2023-06-27 14:09:24', NULL),
(3, 'Roll On Domestik', 'admin', 'no', '2023-06-27 14:10:30', NULL),
(4, 'Roll On Bali', 'admin', 'no', '2023-06-27 14:13:20', NULL),
(5, 'Garam Berlian Internasional', 'admin', 'no', '2023-06-27 14:22:01', NULL),
(6, 'Canang', 'admin', 'no', '2023-06-27 14:47:27', NULL),
(7, 'Canang 12 pcs', 'admin', 'no', '2023-06-27 14:49:31', NULL),
(8, 'Canang 24 pcs', 'admin', 'no', '2023-06-27 14:50:24', NULL),
(9, 'Dupa Tridatu Pemedek', 'admin', 'no', '2023-06-27 14:59:03', '2023-07-10 13:37:51'),
(10, 'Dupa 13 pcs', 'admin', 'no', '2023-06-28 13:13:52', NULL),
(11, 'Dupa 25 pcs', 'admin', 'no', '2023-06-28 13:14:25', NULL),
(12, 'Roti Banten (25 pcs)', 'admin', 'no', '2023-06-28 14:50:50', NULL),
(13, 'Bungkak Gadang', 'admin', 'no', '2023-07-08 14:32:25', NULL),
(14, 'Bungkak Gading', 'admin', 'no', '2023-07-08 14:32:43', NULL),
(15, 'Kamen Merah', 'admin', 'no', '2023-07-10 12:00:36', NULL),
(16, 'Kamen Hijau', 'admin', 'no', '2023-07-10 12:00:56', NULL),
(17, 'Kamen Ungu', 'admin', 'no', '2023-07-10 12:01:22', NULL),
(18, 'Locker', 'admin', 'no', '2023-07-10 12:03:01', NULL),
(19, 'Set Kebaya', 'admin', 'no', '2023-07-10 12:35:22', NULL),
(20, 'Free Kopi or Tea', 'ajikdewa', 'no', '2023-07-10 15:12:02', NULL);

-- --------------------------------------------------------

--
-- Table structure for table `items_harga`
--

CREATE TABLE `items_harga` (
  `id` int(11) NOT NULL,
  `id_items` int(11) NOT NULL,
  `tanggal` datetime NOT NULL,
  `hpp` int(11) NOT NULL,
  `lokal` int(11) NOT NULL,
  `domestik` int(11) NOT NULL,
  `internasional` int(11) NOT NULL,
  `komisi_guide_lokal` int(11) NOT NULL,
  `komisi_guide_domestik` int(11) NOT NULL,
  `komisi_guide_internasional` int(11) NOT NULL,
  `komisi_pengayah_lokal` int(11) NOT NULL,
  `komisi_pengayah_domestik` int(11) NOT NULL,
  `komisi_pengayah_internasional` int(11) NOT NULL,
  `userid` varchar(10) CHARACTER SET latin1 COLLATE latin1_swedish_ci NOT NULL,
  `create_at` datetime NOT NULL DEFAULT current_timestamp()
) ENGINE=InnoDB DEFAULT CHARSET=utf8mb4 COLLATE=utf8mb4_general_ci;

--
-- Dumping data for table `items_harga`
--

INSERT INTO `items_harga` (`id`, `id_items`, `tanggal`, `hpp`, `lokal`, `domestik`, `internasional`, `komisi_guide_lokal`, `komisi_guide_domestik`, `komisi_guide_internasional`, `komisi_pengayah_lokal`, `komisi_pengayah_domestik`, `komisi_pengayah_internasional`, `userid`, `create_at`) VALUES
(1, 1, '2023-06-27 15:07:08', 45000, 75000, 150000, 150000, 0, 0, 0, 20000, 50000, 50000, 'admin', '2023-06-27 14:07:08'),
(2, 2, '2023-06-27 15:09:24', 100000, 0, 150000, 0, 0, 0, 0, 50000, 50000, 50000, 'admin', '2023-06-27 14:09:24'),
(3, 1, '2023-06-27 15:09:49', 45000, 0, 0, 150000, 0, 0, 0, 50000, 50000, 50000, 'admin', '2023-06-27 14:09:49'),
(4, 3, '2023-06-27 15:10:30', 450000, 0, 150000, 0, 0, 0, 0, 50000, 50000, 50000, 'admin', '2023-06-27 14:10:30'),
(5, 4, '2023-06-27 15:13:20', 45000, 75000, 0, 0, 0, 0, 0, 20000, 20000, 20000, 'admin', '2023-06-27 14:13:20'),
(6, 5, '2023-06-27 15:22:01', 100000, 0, 0, 350000, 0, 0, 0, 50000, 50000, 50000, 'admin', '2023-06-27 14:22:01'),
(7, 6, '2023-06-27 15:47:27', 600, 1000, 0, 0, 0, 0, 0, 0, 0, 0, 'admin', '2023-06-27 14:47:27'),
(8, 7, '2023-06-27 15:49:31', 7200, 0, 12000, 12000, 0, 0, 0, 0, 0, 0, 'admin', '2023-06-27 14:49:31'),
(9, 8, '2023-06-27 15:50:24', 14400, 0, 24000, 24000, 0, 0, 0, 0, 0, 0, 'admin', '2023-06-27 14:50:24'),
(10, 9, '2023-06-27 15:59:03', 120, 5000, 0, 0, 0, 0, 0, 0, 0, 0, 'admin', '2023-06-27 14:59:03'),
(11, 9, '2023-06-27 16:09:22', 1200, 5000, 0, 0, 0, 0, 0, 0, 0, 0, 'admin', '2023-06-27 15:09:22'),
(12, 10, '2023-06-28 14:13:52', 520, 0, 520, 520, 0, 0, 0, 0, 0, 0, 'admin', '2023-06-28 13:13:52'),
(13, 11, '2023-06-28 14:14:25', 1000, 0, 1000, 1000, 0, 0, 0, 0, 0, 0, 'admin', '2023-06-28 13:14:25'),
(14, 12, '2023-06-28 15:50:50', 1000, 2000, 0, 0, 0, 0, 0, 0, 0, 0, 'admin', '2023-06-28 14:50:50'),
(15, 13, '2023-07-08 15:32:25', 3000, 5000, 5000, 5000, 0, 0, 0, 0, 0, 0, 'admin', '2023-07-08 14:32:25'),
(16, 14, '2023-07-08 15:32:43', 3000, 5000, 5000, 5000, 0, 0, 0, 0, 0, 0, 'admin', '2023-07-08 14:32:43'),
(17, 15, '2023-07-10 13:00:36', 1000, 20000, 20000, 20000, 0, 0, 0, 0, 0, 0, 'admin', '2023-07-10 12:00:36'),
(18, 16, '2023-07-10 13:00:56', 1000, 20000, 20000, 20000, 0, 0, 0, 0, 0, 0, 'admin', '2023-07-10 12:00:56'),
(19, 17, '2023-07-10 13:01:22', 1000, 20000, 20000, 20000, 0, 0, 0, 0, 0, 0, 'admin', '2023-07-10 12:01:22'),
(20, 18, '2023-07-10 13:03:01', 1000, 10000, 10000, 10000, 0, 0, 0, 0, 0, 0, 'admin', '2023-07-10 12:03:01'),
(21, 19, '2023-07-10 13:35:22', 2300, 200000, 200000, 300000, 0, 0, 0, 20000, 20000, 50000, 'admin', '2023-07-10 12:35:22'),
(22, 9, '2023-07-10 13:37:51', 1200, 5000, 0, 0, 0, 0, 0, 0, 0, 0, 'admin', '2023-07-10 12:37:51'),
(23, 20, '2023-07-10 16:12:02', 5000, 10000, 10000, 10000, 0, 0, 0, 0, 0, 0, 'ajikdewa', '2023-07-10 15:12:02');

-- --------------------------------------------------------

--
-- Table structure for table `items_promo`
--

CREATE TABLE `items_promo` (
  `id` int(11) NOT NULL,
  `id_items` int(11) NOT NULL,
  `awal` datetime NOT NULL,
  `akhir` datetime NOT NULL,
  `lokal` int(11) NOT NULL,
  `domestik` int(11) NOT NULL,
  `internasional` int(11) NOT NULL,
  `userid` varchar(10) CHARACTER SET latin1 COLLATE latin1_swedish_ci NOT NULL,
  `create_at` datetime NOT NULL DEFAULT current_timestamp()
) ENGINE=InnoDB DEFAULT CHARSET=utf8mb4 COLLATE=utf8mb4_general_ci;

-- --------------------------------------------------------

--
-- Table structure for table `kas`
--

CREATE TABLE `kas` (
  `id` int(11) NOT NULL,
  `store_id` int(11) NOT NULL,
  `tanggal` datetime NOT NULL,
  `jenis` enum('Kas Awal','Masuk','Keluar','Kas Sisa') NOT NULL,
  `nominal` int(11) NOT NULL,
  `keterangan` varchar(100) NOT NULL,
  `userid` varchar(10) NOT NULL,
  `create_at` datetime NOT NULL DEFAULT current_timestamp()
) ENGINE=InnoDB DEFAULT CHARSET=latin1 COLLATE=latin1_swedish_ci;

-- --------------------------------------------------------

--
-- Table structure for table `laundry`
--

CREATE TABLE `laundry` (
  `id` int(11) NOT NULL,
  `tanggal` datetime NOT NULL,
  `status` enum('yes','no') NOT NULL COMMENT 'status sedang keluar/tidak',
  `userid` varchar(10) NOT NULL,
  `is_deleted` enum('yes','no') NOT NULL DEFAULT 'no',
  `create_at` datetime NOT NULL DEFAULT current_timestamp()
) ENGINE=InnoDB DEFAULT CHARSET=latin1 COLLATE=latin1_swedish_ci;

-- --------------------------------------------------------

--
-- Table structure for table `laundry_detail`
--

CREATE TABLE `laundry_detail` (
  `id` int(11) NOT NULL,
  `laundry_id` int(11) NOT NULL,
  `items_id` int(11) NOT NULL,
  `jml` int(11) NOT NULL
) ENGINE=InnoDB DEFAULT CHARSET=latin1 COLLATE=latin1_swedish_ci;

-- --------------------------------------------------------

--
-- Table structure for table `paket`
--

CREATE TABLE `paket` (
  `id` int(11) NOT NULL,
  `namapaket` varchar(50) NOT NULL,
  `userid` varchar(10) NOT NULL,
  `status` enum('yes','no') NOT NULL DEFAULT 'no' COMMENT 'hapus/tidak',
  `create_at` datetime NOT NULL DEFAULT current_timestamp(),
  `update_at` datetime DEFAULT NULL ON UPDATE current_timestamp()
) ENGINE=InnoDB DEFAULT CHARSET=latin1 COLLATE=latin1_swedish_ci;

--
-- Dumping data for table `paket`
--

INSERT INTO `paket` (`id`, `namapaket`, `userid`, `status`, `create_at`, `update_at`) VALUES
(1, 'Full Paket Domestik dengan Guide', 'admin', 'no', '2023-07-09 14:28:46', NULL),
(2, 'Full Paket Domestik tanpa guide', 'admin', 'no', '2023-07-09 14:30:03', NULL),
(3, 'Full Package Asing dengan Guide', 'admin', 'no', '2023-07-09 14:32:47', NULL),
(4, 'Full Package Asing tanpa guide', 'admin', 'no', '2023-07-09 14:34:23', NULL),
(5, 'Full Package Asing Guide Book Beji', 'ajikdewa', 'no', '2023-07-10 15:21:28', NULL),
(6, 'Full Package Asing Guide', 'ajikdewa', 'no', '2023-07-10 15:24:12', NULL),
(7, 'Full Paket Domestik Guide', 'ajikdewa', 'no', '2023-07-10 15:26:46', NULL),
(8, 'Full Paket Domestik Guide Book Beji', 'ajikdewa', 'no', '2023-07-10 15:29:13', NULL),
(9, 'Full Package Asing Tuaji', 'ajikdewa', 'no', '2023-07-10 15:29:55', NULL),
(10, 'Full Paket Domestik Tuaji', 'ajikdewa', 'no', '2023-07-10 15:30:38', NULL);

-- --------------------------------------------------------

--
-- Table structure for table `paket_detail`
--

CREATE TABLE `paket_detail` (
  `id_paket` int(11) NOT NULL,
  `id_produk` int(11) NOT NULL
) ENGINE=InnoDB DEFAULT CHARSET=latin1 COLLATE=latin1_swedish_ci;

--
-- Dumping data for table `paket_detail`
--

INSERT INTO `paket_detail` (`id_paket`, `id_produk`) VALUES
(1, 6),
(1, 8),
(1, 12),
(1, 16),
(2, 7),
(2, 11),
(2, 13),
(2, 17),
(3, 4),
(3, 9),
(3, 14),
(3, 18),
(4, 5),
(4, 10),
(4, 15),
(4, 19),
(5, 4),
(5, 9),
(5, 14),
(5, 18),
(6, 4),
(6, 9),
(6, 14),
(6, 18),
(7, 6),
(7, 8),
(7, 12),
(7, 16),
(8, 6),
(8, 8),
(8, 12),
(8, 16),
(9, 4),
(9, 9),
(9, 14),
(9, 18),
(10, 6),
(10, 8),
(10, 12),
(10, 16);

-- --------------------------------------------------------

--
-- Table structure for table `paket_harga`
--

CREATE TABLE `paket_harga` (
  `id` int(11) NOT NULL,
  `id_paket` int(11) NOT NULL,
  `tanggal` datetime NOT NULL,
  `is_double` enum('yes','no') NOT NULL DEFAULT 'yes' COMMENT 'komisi guide x2 atau tidak hanya utk internasional',
  `lokal` int(11) NOT NULL,
  `domestik` int(11) NOT NULL,
  `internasional` int(11) NOT NULL,
  `komisi_guide_domestik` int(11) NOT NULL,
  `komisi_guide_internasional` int(11) NOT NULL,
  `komisi_pengayah_domestik` int(11) NOT NULL,
  `komisi_pengayah_internasional` int(11) NOT NULL,
  `userid` varchar(10) NOT NULL,
  `create_at` datetime NOT NULL DEFAULT current_timestamp()
) ENGINE=InnoDB DEFAULT CHARSET=latin1 COLLATE=latin1_swedish_ci;

--
-- Dumping data for table `paket_harga`
--

INSERT INTO `paket_harga` (`id`, `id_paket`, `tanggal`, `is_double`, `lokal`, `domestik`, `internasional`, `komisi_guide_domestik`, `komisi_guide_internasional`, `komisi_pengayah_domestik`, `komisi_pengayah_internasional`, `userid`, `create_at`) VALUES
(1, 1, '2023-07-09 15:28:46', 'no', 1000000, 1000000, 0, 100000, 100000, 100000, 0, 'admin', '2023-07-09 14:28:46'),
(2, 2, '2023-07-09 15:30:03', 'no', 1000000, 1000000, 0, 0, 0, 100000, 0, 'admin', '2023-07-09 14:30:03'),
(3, 3, '2023-07-09 15:32:47', 'no', 0, 0, 2500000, 250000, 250000, 0, 250000, 'admin', '2023-07-09 14:32:47'),
(4, 4, '2023-07-09 15:34:23', 'no', 0, 0, 2500000, 0, 0, 0, 250000, 'admin', '2023-07-09 14:34:23'),
(5, 5, '2023-07-10 16:21:28', 'no', 0, 0, 2500000, 0, 250000, 0, 250000, 'ajikdewa', '2023-07-10 15:21:28'),
(6, 6, '2023-07-10 16:24:12', 'no', 0, 0, 2500000, 0, 250000, 0, 0, 'ajikdewa', '2023-07-10 15:24:12'),
(7, 7, '2023-07-10 16:26:46', 'no', 1000000, 1000000, 0, 100000, 0, 100000, 0, 'ajikdewa', '2023-07-10 15:26:46'),
(8, 8, '2023-07-10 16:29:13', 'no', 1000000, 1000000, 0, 100000, 0, 100000, 0, 'ajikdewa', '2023-07-10 15:29:13'),
(9, 9, '2023-07-10 16:29:55', 'no', 0, 0, 2500000, 0, 0, 0, 0, 'ajikdewa', '2023-07-10 15:29:55'),
(10, 10, '2023-07-10 16:30:38', 'no', 1000000, 1000000, 0, 0, 0, 0, 0, 'ajikdewa', '2023-07-10 15:30:38');

-- --------------------------------------------------------

--
-- Table structure for table `paket_promo`
--

CREATE TABLE `paket_promo` (
  `id` int(11) NOT NULL,
  `id_paket` int(11) NOT NULL,
  `awal` datetime NOT NULL,
  `akhir` datetime NOT NULL,
  `lokal` int(11) NOT NULL,
  `domestik` int(11) NOT NULL,
  `internasional` int(11) NOT NULL,
  `userid` varchar(10) CHARACTER SET latin1 COLLATE latin1_swedish_ci NOT NULL,
  `create_at` datetime NOT NULL DEFAULT current_timestamp()
) ENGINE=InnoDB DEFAULT CHARSET=utf8mb4 COLLATE=utf8mb4_general_ci;

-- --------------------------------------------------------

--
-- Table structure for table `pengayah`
--

CREATE TABLE `pengayah` (
  `id` int(11) NOT NULL,
  `nama` varchar(50) NOT NULL,
  `whatsapp` varchar(20) NOT NULL,
  `tipe` enum('domestik','internasional') NOT NULL,
  `status` enum('yes','no') NOT NULL DEFAULT 'no' COMMENT 'hapus/tidak',
  `userid` varchar(10) NOT NULL,
  `create_at` datetime NOT NULL DEFAULT current_timestamp(),
  `update_at` datetime DEFAULT NULL ON UPDATE current_timestamp()
) ENGINE=InnoDB DEFAULT CHARSET=latin1 COLLATE=latin1_swedish_ci;

--
-- Dumping data for table `pengayah`
--

INSERT INTO `pengayah` (`id`, `nama`, `whatsapp`, `tipe`, `status`, `userid`, `create_at`, `update_at`) VALUES
(1, 'Pengayah Satu', '081805111111', 'domestik', 'yes', 'admin', '2023-06-27 14:01:48', '2023-07-09 14:47:53'),
(2, 'Pengayah Dua', '087761111111', 'internasional', 'yes', 'admin', '2023-06-27 14:02:25', '2023-07-09 14:47:56'),
(3, 'Kadek Bayu Aditya Putra', '087756862595', 'internasional', 'no', 'admin', '2023-07-09 15:08:36', '2023-07-10 11:56:30'),
(4, 'I Kadek Suntika', '081977526955', 'domestik', 'no', 'admin', '2023-07-09 15:11:07', '2023-07-10 11:57:22'),
(5, 'I Wayan Leoriawan', '085738867534', 'internasional', 'no', 'admin', '2023-07-10 12:07:44', NULL),
(6, 'I Made Wisnawa', '081237012957', 'internasional', 'no', 'admin', '2023-07-10 12:10:02', NULL),
(7, 'I Gusti Ngurah Gede Buda Astra', '087745470910', 'domestik', 'no', 'admin', '2023-07-10 12:11:07', NULL),
(8, 'I Gusti Ngurah Erik Saputra', '087861630228', 'domestik', 'no', 'admin', '2023-07-10 12:13:14', NULL),
(9, 'Pengayah Coba', '0812345678', 'domestik', 'no', 'admin', '2023-07-20 11:29:04', NULL);

-- --------------------------------------------------------

--
-- Table structure for table `pengguna`
--

CREATE TABLE `pengguna` (
  `username` varchar(10) NOT NULL,
  `passwd` varchar(50) NOT NULL,
  `passcode` varchar(6) NOT NULL,
  `nama` varchar(50) NOT NULL,
  `role` enum('owner','GM','EAM','admin','kasir','pengayah') NOT NULL,
  `status` enum('yes','no') NOT NULL DEFAULT 'no' COMMENT 'hapus/tidak',
  `create_at` datetime NOT NULL DEFAULT current_timestamp(),
  `update_at` datetime DEFAULT NULL ON UPDATE current_timestamp()
) ENGINE=InnoDB DEFAULT CHARSET=latin1 COLLATE=latin1_swedish_ci;

--
-- Dumping data for table `pengguna`
--

INSERT INTO `pengguna` (`username`, `passwd`, `passcode`, `nama`, `role`, `status`, `create_at`, `update_at`) VALUES
('admin', 'f865b53623b121fd34ee5426c792e5c33af8c227', '123123', 'admin', 'admin', 'no', '2023-05-02 08:54:37', '2023-05-14 22:26:55'),
('ajikdewa', '0a6bdd832a79cad0ae496ed6b7e25b314527da0e', 'ADY123', 'Ajik Dewa Yoga', 'GM', 'no', '2023-07-10 14:25:17', NULL),
('dekta', '6ff815c9ec4e4977ec716b5f700d9d09eff469e9', '', 'I Kadek Suntika', 'pengayah', 'no', '2023-07-09 15:11:07', NULL),
('haris.ais', '25e4f46b74c7feb1be89728fc8b4b2601c65cfa0', '', 'I Wayan Haris Apriyana', 'admin', 'no', '2023-06-27 13:24:06', '2023-06-27 13:30:45'),
('kadekbayu', '3121fe152df27f1b302a1d89923af3644d626904', '', 'Kadek Bayu Aditya Putra', 'pengayah', 'no', '2023-07-09 15:08:36', NULL),
('kasirdua', 'ee74ef3130fec28e40dc530817aba129b8eb58cc', '', 'Kasir Warung Beji', 'kasir', 'no', '2023-07-09 14:36:26', NULL),
('kasirherba', '31c6baab0ec3cccfa9f8475092c9fa51abb5c26d', '', 'Kasir Warung Herbal', 'kasir', 'no', '2023-07-10 12:53:43', NULL),
('kasirsatu', 'be7185018574c08960e2eed94df5d375c53b3646', '', 'Kasir Warung Kopi', 'kasir', 'no', '2023-06-27 13:39:39', '2023-07-05 10:03:34'),
('kasirtiga', '3b9450bf785122c9ccbeb6d2c8fdf667a4a80d9e', '', 'Kasir Warung Bungkak', 'kasir', 'no', '2023-07-09 14:39:37', NULL),
('leoriawan', '408789e5caf51767cb73e0db150b5f851af63029', '', 'I Wayan Leoriawan', 'pengayah', 'no', '2023-07-10 12:07:44', NULL),
('mademangku', '2501e0a6197cb544a16424ac8a6f00942159b9db', '', 'I Made Wisnawa', 'pengayah', 'no', '2023-07-10 12:10:02', NULL),
('nandakatos', '4b621b39f1a5ffa0fe0e1a92e1f8ce584ebc55bc', 'kasirn', 'Nanda Kasir', 'kasir', 'no', '2023-07-09 14:41:54', '2023-07-24 14:11:17'),
('pengayah', 'f865b53623b121fd34ee5426c792e5c33af8c227', '', 'Pengayah Coba', 'pengayah', 'no', '2023-07-20 11:29:04', NULL),
('pengayah01', '8a5346ffd0629795f15723f6a4b9c96c3925a2b0', '', 'Pengayah Satu', 'pengayah', 'yes', '2023-06-27 14:01:48', '2023-07-05 09:55:17'),
('pengayah02', '8a5346ffd0629795f15723f6a4b9c96c3925a2b0', '', 'Pengayah Dua', 'pengayah', 'yes', '2023-06-27 14:02:25', '2023-07-05 09:55:19'),
('rahabs', '6d17bb33f787dc5ead180b73ef963a162aa4b63d', '', 'I Gusti Ngurah Gede Buda Astra', 'pengayah', 'no', '2023-07-10 12:11:07', NULL),
('rahery', '02a6e58ec282d3daab257512de56e450d12a47a4', '', 'I Gusti Ngurah Erik Saputra', 'pengayah', 'no', '2023-07-10 12:13:14', NULL);

-- --------------------------------------------------------

--
-- Table structure for table `pengunjung`
--

CREATE TABLE `pengunjung` (
  `id` int(11) NOT NULL,
  `nama` varchar(100) NOT NULL,
  `whatsapp` varchar(20) NOT NULL,
  `email` varchar(100) NOT NULL,
  `state_id` varchar(10) DEFAULT NULL,
  `country_code` varchar(2) NOT NULL,
  `ig` varchar(100) NOT NULL,
  `status` enum('yes','no') NOT NULL DEFAULT 'no' COMMENT 'hapus/tidak',
  `userid` varchar(10) NOT NULL,
  `create_at` datetime NOT NULL DEFAULT current_timestamp()
) ENGINE=InnoDB DEFAULT CHARSET=latin1 COLLATE=latin1_swedish_ci;

--
-- Dumping data for table `pengunjung`
--

INSERT INTO `pengunjung` (`id`, `nama`, `whatsapp`, `email`, `state_id`, `country_code`, `ig`, `status`, `userid`, `create_at`) VALUES
(1, 'Mae W', '', '', 'DU', 'AE', '', 'no', 'admin', '2023-07-09 15:15:18'),
(2, 'Carrik Yu', '', '', 'BJ', 'CN', '', 'no', 'admin', '2023-07-10 11:49:43'),
(3, 'Ayu Wendari', '', '', 'JK', 'ID', '', 'no', 'admin', '2023-07-10 11:50:52'),
(10, 'Luitha Miraglia', '', '', 'MOW', 'RU', '', 'no', 'admin', '2023-07-23 10:58:42'),
(11, 'Dinda', '', '', 'JK', 'ID', '', 'no', 'nandakatos', '2023-07-23 11:17:12'),
(12, 'Kendira', '', '', 'JI', 'ID', '', 'no', 'nandakatos', '2023-07-23 11:20:38'),
(13, 'Stevani', '', '', 'JK', 'ID', '', 'no', 'nandakatos', '2023-07-23 11:24:55');

-- --------------------------------------------------------

--
-- Table structure for table `penjualan`
--

CREATE TABLE `penjualan` (
  `id` int(10) NOT NULL,
  `pengayah_id` int(11) DEFAULT NULL,
  `guide_id` int(11) DEFAULT NULL,
  `tanggal` datetime NOT NULL,
  `method` enum('cash','debit','credit','qris') NOT NULL,
  `fee` int(11) NOT NULL,
  `diskon` int(11) NOT NULL,
  `userid` varchar(10) NOT NULL,
  `create_at` datetime NOT NULL DEFAULT current_timestamp()
) ENGINE=InnoDB DEFAULT CHARSET=latin1 COLLATE=latin1_swedish_ci;

--
-- Dumping data for table `penjualan`
--

INSERT INTO `penjualan` (`id`, `pengayah_id`, `guide_id`, `tanggal`, `method`, `fee`, `diskon`, `userid`, `create_at`) VALUES
(1, NULL, NULL, '2023-07-09 16:48:37', 'cash', 0, 0, 'admin', '2023-07-09 15:48:37'),
(2, NULL, 2, '2023-07-10 14:09:31', 'cash', 0, 0, 'admin', '2023-07-10 13:09:31'),
(3, 5, 3, '2023-07-16 11:43:49', 'cash', 0, 0, 'nandakatos', '2023-07-16 10:43:49'),
(4, 5, 5, '2023-07-16 11:58:56', 'cash', 0, 0, 'nandakatos', '2023-07-16 10:58:56'),
(5, 4, 6, '2023-07-16 12:04:30', 'cash', 0, 0, 'admin', '2023-07-16 11:04:30'),
(7, NULL, NULL, '2023-07-20 12:09:09', 'cash', 0, 0, 'admin', '2023-07-20 11:09:09'),
(8, NULL, 5, '2023-07-23 12:14:12', 'cash', 0, 800, 'admin', '2023-07-23 11:14:12'),
(9, NULL, 6, '2023-07-23 12:18:09', 'cash', 0, 100, 'nandakatos', '2023-07-23 11:18:09'),
(10, NULL, 3, '2023-07-23 12:22:39', 'cash', 0, 100, 'nandakatos', '2023-07-23 11:22:39'),
(11, NULL, 6, '2023-07-23 12:27:03', 'cash', 0, 50, 'nandakatos', '2023-07-23 11:27:03'),
(13, NULL, 1, '2023-07-24 13:01:42', 'cash', 0, 50000, 'admin', '2023-07-24 12:01:42'),
(14, 3, 2, '2023-07-26 17:01:34', 'cash', 0, 0, 'nandakatos', '2023-07-26 16:01:34');

-- --------------------------------------------------------

--
-- Table structure for table `penjualan_detail`
--

CREATE TABLE `penjualan_detail` (
  `id` int(11) NOT NULL,
  `id_transaksi` int(11) NOT NULL,
  `jenis` enum('paket','produk','items') NOT NULL,
  `id_produk` int(11) NOT NULL COMMENT 'bisa berelasi ke paket,produk, items'
) ENGINE=InnoDB DEFAULT CHARSET=latin1 COLLATE=latin1_swedish_ci;

--
-- Dumping data for table `penjualan_detail`
--

INSERT INTO `penjualan_detail` (`id`, `id_transaksi`, `jenis`, `id_produk`) VALUES
(1, 1, 'produk', 5),
(2, 2, 'produk', 8),
(3, 2, 'paket', 1),
(4, 3, 'produk', 4),
(5, 3, 'produk', 9),
(6, 4, 'produk', 2),
(7, 4, 'paket', 3),
(8, 5, 'produk', 1),
(9, 5, 'produk', 8),
(10, 5, 'paket', 1),
(12, 7, 'produk', 2),
(13, 7, 'items', 1),
(14, 8, 'produk', 5),
(15, 9, 'produk', 1),
(16, 10, 'produk', 6),
(17, 10, 'produk', 12),
(18, 11, 'produk', 1),
(19, 11, 'produk', 8),
(21, 13, 'produk', 2),
(22, 14, 'produk', 2),
(23, 14, 'produk', 9),
(24, 14, 'produk', 14),
(25, 14, 'paket', 3);

-- --------------------------------------------------------

--
-- Table structure for table `penjualan_pengunjung`
--

CREATE TABLE `penjualan_pengunjung` (
  `id_detail` int(11) NOT NULL,
  `id_pengunjung` int(11) NOT NULL,
  `jml` int(11) NOT NULL,
  `id_reservasi` int(11) DEFAULT NULL
) ENGINE=InnoDB DEFAULT CHARSET=latin1 COLLATE=latin1_swedish_ci;

--
-- Dumping data for table `penjualan_pengunjung`
--

INSERT INTO `penjualan_pengunjung` (`id_detail`, `id_pengunjung`, `jml`, `id_reservasi`) VALUES
(1, 1, 0, NULL),
(2, 3, 0, NULL),
(3, 3, 0, NULL),
(4, 1, 0, NULL),
(5, 1, 0, NULL),
(6, 2, 0, NULL),
(7, 2, 0, NULL),
(8, 3, 0, NULL),
(9, 3, 0, NULL),
(10, 3, 0, NULL),
(12, 1, 2, NULL),
(13, 1, 2, NULL),
(14, 10, 4, NULL),
(15, 11, 3, NULL),
(16, 12, 1, NULL),
(17, 12, 1, NULL),
(18, 13, 1, NULL),
(19, 13, 1, NULL),
(21, 1, 1, NULL),
(22, 10, 3, NULL),
(23, 10, 3, NULL),
(24, 10, 1, NULL),
(25, 10, 2, NULL);

-- --------------------------------------------------------

--
-- Table structure for table `penyesuaian`
--

CREATE TABLE `penyesuaian` (
  `id` int(11) NOT NULL,
  `id_items` int(11) NOT NULL,
  `store_id` int(11) NOT NULL,
  `tanggal` date NOT NULL,
  `jumlah` int(11) NOT NULL,
  `keterangan` varchar(100) NOT NULL,
  `approved` tinyint(4) NOT NULL,
  `userid` varchar(10) NOT NULL,
  `create_at` datetime NOT NULL DEFAULT current_timestamp()
) ENGINE=InnoDB DEFAULT CHARSET=latin1 COLLATE=latin1_swedish_ci;

--
-- Dumping data for table `penyesuaian`
--

INSERT INTO `penyesuaian` (`id`, `id_items`, `store_id`, `tanggal`, `jumlah`, `keterangan`, `approved`, `userid`, `create_at`) VALUES
(1, 2, 5, '2023-07-10', 7, 'Stok Awal', 0, 'admin', '2023-07-10 12:55:52'),
(2, 6, 1, '2023-07-10', 1000, 'canang awal', 0, 'admin', '2023-07-10 14:35:58'),
(3, 3, 1, '2023-07-12', 1, 'stok awal', 0, 'admin', '2023-07-12 16:03:18'),
(4, 13, 3, '2023-07-26', 100, 'stok awal', 0, 'admin', '2023-07-26 16:25:25'),
(5, 2, 5, '2023-07-28', 30, 'stok awal', 0, 'admin', '2023-07-28 11:04:57');

-- --------------------------------------------------------

--
-- Table structure for table `produk`
--

CREATE TABLE `produk` (
  `id` int(11) NOT NULL,
  `namaproduk` varchar(50) NOT NULL,
  `userid` varchar(10) NOT NULL,
  `status` enum('yes','no') NOT NULL DEFAULT 'no' COMMENT 'hapus/tidak',
  `create_at` datetime NOT NULL DEFAULT current_timestamp(),
  `update_at` datetime DEFAULT NULL ON UPDATE current_timestamp()
) ENGINE=InnoDB DEFAULT CHARSET=latin1 COLLATE=latin1_swedish_ci;

--
-- Dumping data for table `produk`
--

INSERT INTO `produk` (`id`, `namaproduk`, `userid`, `status`, `create_at`, `update_at`) VALUES
(1, 'Melukat Domestik dengan Guide', 'admin', 'no', '2023-07-08 14:33:48', '2023-07-08 14:51:59'),
(2, 'Ceremony Asing dengan Guide', 'admin', 'no', '2023-07-08 14:34:35', '2023-07-08 14:51:46'),
(3, 'Healing Domestik', 'admin', 'yes', '2023-07-08 14:45:58', '2023-07-09 13:45:58'),
(4, 'Ceremony Asing Guide plus Paket', 'ajikdewa', 'no', '2023-07-09 13:40:43', '2023-07-10 15:13:08'),
(5, 'Ceremony Asing tanpa guide', 'ajikdewa', 'no', '2023-07-09 13:45:53', '2023-07-10 15:12:55'),
(6, 'Melukat Domestik Guide plus Paket', 'ajikdewa', 'no', '2023-07-09 14:00:36', '2023-07-10 15:13:58'),
(7, 'Melukat Domestik tanpa guide', 'ajikdewa', 'no', '2023-07-09 14:02:13', '2023-07-10 15:14:15'),
(8, 'Palm Reading Domestik dengan Guide', 'admin', 'no', '2023-07-09 14:03:26', '2023-07-09 14:10:33'),
(9, 'Palm Reading Asing dengan Guide', 'admin', 'no', '2023-07-09 14:04:15', '2023-07-09 14:10:16'),
(10, 'Palm Reading Asing tanpa guide', 'admin', 'no', '2023-07-09 14:11:43', NULL),
(11, 'Palm Reading Domestik tanpa guide', 'admin', 'no', '2023-07-09 14:12:34', '2023-07-09 14:13:45'),
(12, 'Healing Domestik dengan Guide', 'admin', 'no', '2023-07-09 14:16:02', NULL),
(13, 'Healing Domestik tanpa guide', 'admin', 'no', '2023-07-09 14:16:48', NULL),
(14, 'Healing Asing dengan Guide', 'admin', 'no', '2023-07-09 14:17:36', NULL),
(15, 'Healing Asing tanpa guide', 'admin', 'no', '2023-07-09 14:17:58', NULL),
(16, 'Open Aura Domestik dengan Guide', 'admin', 'no', '2023-07-09 14:20:14', NULL),
(17, 'Open Aura Domestik tanpa guide', 'admin', 'no', '2023-07-09 14:21:46', NULL),
(18, 'Open Aura Asing dengan Guide', 'admin', 'no', '2023-07-09 14:22:26', NULL),
(19, 'Open Aura Asing tanpa guide', 'admin', 'no', '2023-07-09 14:23:56', NULL),
(20, 'Private Ceremony with Guide', 'ajikdewa', 'no', '2023-07-09 15:55:40', '2023-07-10 15:13:27'),
(21, 'Private Ceremony without guide', 'ajikdewa', 'no', '2023-07-09 15:56:12', '2023-07-10 15:13:43'),
(22, 'Privat Melukat dengan Guide', 'ajikdewa', 'no', '2023-07-09 15:59:44', '2023-07-10 15:14:46'),
(23, 'Privat Melukat tanpa guide', 'admin', 'no', '2023-07-09 16:00:42', NULL),
(24, 'Palm Reading Domestik Book Guide', 'admin', 'no', '2023-07-09 16:02:34', NULL),
(25, 'Palm Reading Asing Book Guide', 'admin', 'no', '2023-07-09 16:15:20', NULL),
(26, 'Healing Domestik Book Guide', 'admin', 'no', '2023-07-09 16:17:03', NULL),
(27, 'Healing Asing Book Guide', 'admin', 'no', '2023-07-09 16:17:27', NULL),
(28, 'Open Aura Domestik Book Guide', 'admin', 'no', '2023-07-09 16:18:05', NULL),
(29, 'Open Aura Asing Book Guide', 'admin', 'no', '2023-07-09 16:18:46', NULL),
(30, 'Visit', 'admin', 'no', '2023-07-10 12:44:27', NULL),
(31, 'healing bali dengan pengayah', 'admin', 'yes', '2023-07-28 10:51:06', '2023-07-28 10:51:13');

-- --------------------------------------------------------

--
-- Table structure for table `produk_detail`
--

CREATE TABLE `produk_detail` (
  `id_produk` int(11) NOT NULL,
  `id_items` int(11) NOT NULL,
  `jumlah` int(11) NOT NULL
) ENGINE=InnoDB DEFAULT CHARSET=latin1 COLLATE=latin1_swedish_ci;

--
-- Dumping data for table `produk_detail`
--

INSERT INTO `produk_detail` (`id_produk`, `id_items`, `jumlah`) VALUES
(1, 8, 0),
(1, 11, 0),
(1, 12, 0),
(1, 13, 0),
(1, 14, 0),
(1, 15, 0),
(1, 18, 0),
(1, 20, 0),
(2, 8, 0),
(2, 11, 0),
(2, 12, 0),
(2, 13, 0),
(2, 14, 0),
(2, 15, 0),
(2, 18, 0),
(2, 20, 0),
(4, 8, 0),
(4, 11, 0),
(4, 12, 0),
(4, 13, 0),
(4, 14, 0),
(4, 15, 0),
(4, 18, 0),
(4, 20, 0),
(5, 8, 0),
(5, 11, 0),
(5, 12, 0),
(5, 13, 0),
(5, 14, 0),
(5, 15, 0),
(5, 18, 0),
(5, 20, 0),
(6, 8, 0),
(6, 11, 0),
(6, 12, 0),
(6, 13, 0),
(6, 14, 0),
(6, 15, 0),
(6, 18, 0),
(6, 20, 0),
(7, 8, 0),
(7, 11, 0),
(7, 12, 0),
(7, 13, 0),
(7, 14, 0),
(7, 15, 0),
(7, 18, 0),
(7, 20, 0),
(16, 14, 0),
(19, 14, 0),
(20, 8, 0),
(20, 11, 0),
(20, 12, 0),
(20, 13, 0),
(20, 14, 0),
(20, 15, 0),
(20, 18, 0),
(20, 20, 0),
(21, 8, 0),
(21, 11, 0),
(21, 12, 0),
(21, 13, 0),
(21, 14, 0),
(21, 20, 0),
(22, 8, 0),
(22, 11, 0),
(22, 12, 0),
(22, 13, 0),
(22, 14, 0),
(22, 15, 0),
(22, 18, 0),
(22, 20, 0),
(23, 8, 0),
(23, 11, 0),
(23, 12, 0),
(23, 13, 0),
(23, 14, 0),
(23, 15, 0),
(23, 18, 0),
(28, 14, 0),
(29, 14, 0),
(30, 17, 0);

-- --------------------------------------------------------

--
-- Table structure for table `produk_harga`
--

CREATE TABLE `produk_harga` (
  `id` int(11) NOT NULL,
  `id_produk` int(11) NOT NULL,
  `tanggal` datetime NOT NULL,
  `lokal` int(11) NOT NULL,
  `domestik` int(11) NOT NULL,
  `internasional` int(11) NOT NULL,
  `is_double` enum('yes','no') NOT NULL DEFAULT 'yes' COMMENT 'komisi guide x2 atau tidak hanya utk internasional',
  `komisi_guide_domestik` int(11) NOT NULL,
  `komisi_guide_internasional` int(11) NOT NULL,
  `komisi_pengayah_domestik` int(11) NOT NULL,
  `komisi_pengayah_internasional` int(11) NOT NULL,
  `userid` varchar(10) NOT NULL,
  `create_at` datetime NOT NULL DEFAULT current_timestamp()
) ENGINE=InnoDB DEFAULT CHARSET=latin1 COLLATE=latin1_swedish_ci;

--
-- Dumping data for table `produk_harga`
--

INSERT INTO `produk_harga` (`id`, `id_produk`, `tanggal`, `lokal`, `domestik`, `internasional`, `is_double`, `komisi_guide_domestik`, `komisi_guide_internasional`, `komisi_pengayah_domestik`, `komisi_pengayah_internasional`, `userid`, `create_at`) VALUES
(1, 1, '2023-07-08 15:33:48', 0, 200000, 0, 'no', 50000, 50000, 0, 0, 'admin', '2023-07-08 14:33:48'),
(2, 2, '2023-07-08 15:34:35', 0, 0, 300000, 'no', 50000, 50000, 0, 0, 'admin', '2023-07-08 14:34:35'),
(3, 3, '2023-07-08 15:45:58', 500000, 500000, 0, 'no', 50000, 50000, 50000, 0, 'admin', '2023-07-08 14:45:58'),
(4, 2, '2023-07-08 15:51:46', 0, 0, 300000, 'no', 50000, 50000, 0, 0, 'admin', '2023-07-08 14:51:46'),
(5, 1, '2023-07-08 15:51:59', 0, 200000, 0, 'no', 50000, 50000, 0, 0, 'admin', '2023-07-08 14:51:59'),
(6, 4, '2023-07-09 14:40:43', 0, 0, 300000, 'no', 30000, 30000, 0, 0, 'admin', '2023-07-09 13:40:43'),
(7, 5, '2023-07-09 14:45:53', 0, 0, 300000, 'no', 0, 0, 0, 0, 'admin', '2023-07-09 13:45:53'),
(8, 6, '2023-07-09 15:00:36', 200000, 200000, 0, 'no', 20000, 20000, 0, 0, 'admin', '2023-07-09 14:00:36'),
(9, 7, '2023-07-09 15:02:13', 200000, 200000, 0, 'no', 0, 0, 0, 0, 'admin', '2023-07-09 14:02:13'),
(10, 1, '2023-07-09 15:02:32', 200000, 200000, 0, 'no', 50000, 50000, 0, 0, 'admin', '2023-07-09 14:02:32'),
(11, 8, '2023-07-09 15:03:26', 300000, 300000, 0, 'no', 30000, 30000, 30000, 0, 'admin', '2023-07-09 14:03:26'),
(12, 9, '2023-07-09 15:04:15', 0, 0, 700000, 'no', 70000, 70000, 0, 70000, 'admin', '2023-07-09 14:04:15'),
(13, 9, '2023-07-09 15:10:16', 0, 0, 700000, 'no', 70000, 70000, 0, 70000, 'admin', '2023-07-09 14:10:16'),
(14, 8, '2023-07-09 15:10:33', 300000, 300000, 0, 'no', 30000, 30000, 30000, 0, 'admin', '2023-07-09 14:10:33'),
(15, 10, '2023-07-09 15:11:43', 0, 0, 700000, 'no', 0, 0, 0, 140000, 'admin', '2023-07-09 14:11:43'),
(16, 5, '2023-07-09 15:11:53', 0, 0, 300000, 'no', 0, 0, 0, 0, 'admin', '2023-07-09 14:11:53'),
(17, 7, '2023-07-09 15:12:10', 200000, 200000, 0, 'no', 0, 0, 0, 0, 'admin', '2023-07-09 14:12:10'),
(18, 11, '2023-07-09 15:12:34', 300000, 300000, 0, 'no', 0, 0, 30000, 0, 'admin', '2023-07-09 14:12:34'),
(19, 11, '2023-07-09 15:13:45', 300000, 300000, 0, 'no', 0, 0, 30000, 0, 'admin', '2023-07-09 14:13:45'),
(20, 12, '2023-07-09 15:16:02', 500000, 500000, 0, 'no', 50000, 50000, 50000, 0, 'admin', '2023-07-09 14:16:02'),
(21, 13, '2023-07-09 15:16:48', 500000, 500000, 0, 'no', 0, 0, 50000, 0, 'admin', '2023-07-09 14:16:48'),
(22, 14, '2023-07-09 15:17:36', 0, 0, 1000000, 'no', 100000, 100000, 0, 100000, 'admin', '2023-07-09 14:17:36'),
(23, 15, '2023-07-09 15:17:58', 0, 0, 1000000, 'no', 0, 0, 0, 100000, 'admin', '2023-07-09 14:17:58'),
(24, 16, '2023-07-09 15:20:14', 500000, 500000, 0, 'no', 50000, 50000, 50000, 0, 'admin', '2023-07-09 14:20:14'),
(25, 17, '2023-07-09 15:21:46', 500000, 500000, 0, 'no', 0, 0, 50000, 0, 'admin', '2023-07-09 14:21:46'),
(26, 18, '2023-07-09 15:22:26', 0, 0, 1500000, 'no', 150000, 150000, 0, 150000, 'admin', '2023-07-09 14:22:26'),
(27, 19, '2023-07-09 15:23:56', 0, 0, 1500000, 'no', 0, 0, 0, 300000, 'admin', '2023-07-09 14:23:56'),
(28, 15, '2023-07-09 15:24:09', 0, 0, 1000000, 'no', 0, 0, 0, 200000, 'admin', '2023-07-09 14:24:09'),
(29, 10, '2023-07-09 15:24:33', 0, 0, 700000, 'no', 0, 0, 0, 140000, 'admin', '2023-07-09 14:24:33'),
(30, 20, '2023-07-09 16:55:40', 0, 0, 1000000, 'no', 100000, 100000, 0, 0, 'admin', '2023-07-09 15:55:40'),
(31, 21, '2023-07-09 16:56:12', 0, 0, 1000000, 'no', 0, 0, 0, 0, 'admin', '2023-07-09 15:56:12'),
(32, 22, '2023-07-09 16:59:44', 500000, 500000, 0, 'no', 50000, 50000, 0, 0, 'admin', '2023-07-09 15:59:44'),
(33, 21, '2023-07-09 17:00:11', 0, 0, 1000000, 'no', 0, 0, 0, 0, 'admin', '2023-07-09 16:00:11'),
(34, 23, '2023-07-09 17:00:42', 500000, 500000, 0, 'no', 0, 0, 0, 0, 'admin', '2023-07-09 16:00:42'),
(35, 24, '2023-07-09 17:02:34', 300000, 300000, 0, 'no', 30000, 30000, 0, 0, 'admin', '2023-07-09 16:02:34'),
(36, 25, '2023-07-09 17:15:20', 0, 0, 700000, 'no', 70000, 70000, 0, 0, 'admin', '2023-07-09 16:15:20'),
(37, 26, '2023-07-09 17:17:03', 500000, 500000, 0, 'no', 50000, 50000, 0, 0, 'admin', '2023-07-09 16:17:03'),
(38, 27, '2023-07-09 17:17:27', 0, 0, 1000000, 'no', 100000, 100000, 0, 0, 'admin', '2023-07-09 16:17:27'),
(39, 28, '2023-07-09 17:18:05', 500000, 500000, 0, 'no', 50000, 50000, 0, 0, 'admin', '2023-07-09 16:18:05'),
(40, 29, '2023-07-09 17:18:46', 0, 0, 1500000, 'no', 150000, 150000, 0, 0, 'admin', '2023-07-09 16:18:46'),
(41, 2, '2023-07-10 13:38:44', 0, 0, 300000, 'no', 50000, 50000, 0, 0, 'admin', '2023-07-10 12:38:44'),
(42, 4, '2023-07-10 13:40:37', 0, 0, 300000, 'no', 30000, 30000, 0, 0, 'admin', '2023-07-10 12:40:37'),
(43, 5, '2023-07-10 13:40:50', 0, 0, 300000, 'no', 0, 0, 0, 0, 'admin', '2023-07-10 12:40:50'),
(44, 6, '2023-07-10 13:41:46', 200000, 200000, 0, 'no', 20000, 20000, 0, 0, 'admin', '2023-07-10 12:41:46'),
(45, 20, '2023-07-10 13:42:16', 0, 0, 1000000, 'no', 100000, 100000, 0, 0, 'admin', '2023-07-10 12:42:16'),
(46, 7, '2023-07-10 13:42:33', 200000, 200000, 0, 'no', 0, 0, 0, 0, 'admin', '2023-07-10 12:42:33'),
(47, 22, '2023-07-10 13:42:50', 500000, 500000, 0, 'no', 50000, 50000, 0, 0, 'admin', '2023-07-10 12:42:50'),
(48, 23, '2023-07-10 13:43:09', 500000, 500000, 0, 'no', 0, 0, 0, 0, 'admin', '2023-07-10 12:43:09'),
(49, 30, '2023-07-10 13:44:27', 100000, 100000, 100000, 'no', 0, 0, 0, 0, 'admin', '2023-07-10 12:44:27'),
(50, 5, '2023-07-10 16:12:55', 0, 0, 300000, 'no', 0, 0, 0, 0, 'ajikdewa', '2023-07-10 15:12:55'),
(51, 4, '2023-07-10 16:13:08', 0, 0, 300000, 'no', 30000, 30000, 0, 0, 'ajikdewa', '2023-07-10 15:13:08'),
(52, 20, '2023-07-10 16:13:27', 0, 0, 1000000, 'no', 100000, 100000, 0, 0, 'ajikdewa', '2023-07-10 15:13:27'),
(53, 21, '2023-07-10 16:13:43', 0, 0, 1000000, 'no', 0, 0, 0, 0, 'ajikdewa', '2023-07-10 15:13:43'),
(54, 6, '2023-07-10 16:13:58', 200000, 200000, 0, 'no', 20000, 20000, 0, 0, 'ajikdewa', '2023-07-10 15:13:58'),
(55, 7, '2023-07-10 16:14:15', 200000, 200000, 0, 'no', 0, 0, 0, 0, 'ajikdewa', '2023-07-10 15:14:15'),
(56, 22, '2023-07-10 16:14:46', 500000, 500000, 0, 'no', 50000, 50000, 0, 0, 'ajikdewa', '2023-07-10 15:14:46'),
(57, 2, '2023-07-16 11:53:30', 0, 0, 300000, 'no', 50000, 50000, 0, 0, 'admin', '2023-07-16 10:53:30'),
(58, 1, '2023-07-16 11:56:01', 200000, 200000, 0, 'no', 50000, 50000, 0, 0, 'admin', '2023-07-16 10:56:01'),
(59, 31, '2023-07-28 11:51:06', 500000, 0, 0, 'no', 0, 0, 50000, 0, 'admin', '2023-07-28 10:51:06');

-- --------------------------------------------------------

--
-- Table structure for table `produk_promo`
--

CREATE TABLE `produk_promo` (
  `id` int(11) NOT NULL,
  `id_produk` int(11) NOT NULL,
  `awal` datetime NOT NULL,
  `akhir` datetime NOT NULL,
  `lokal` int(11) NOT NULL,
  `domestik` int(11) NOT NULL,
  `internasional` int(11) NOT NULL,
  `userid` varchar(10) CHARACTER SET latin1 COLLATE latin1_swedish_ci NOT NULL,
  `create_at` datetime NOT NULL DEFAULT current_timestamp()
) ENGINE=InnoDB DEFAULT CHARSET=utf8mb4 COLLATE=utf8mb4_general_ci;

-- --------------------------------------------------------

--
-- Table structure for table `reservasi`
--

CREATE TABLE `reservasi` (
  `id` int(10) NOT NULL,
  `pengayah_id` int(11) DEFAULT NULL,
  `guide_id` int(11) DEFAULT NULL,
  `tanggal` datetime NOT NULL,
  `arrivaldate` date NOT NULL,
  `namatamu` int(11) DEFAULT NULL,
  `jml_tamu` int(11) NOT NULL DEFAULT 1,
  `method` enum('cash','debit','credit','qris') NOT NULL,
  `DP` int(11) NOT NULL,
  `diskon` int(11) NOT NULL,
  `buktibayar` varchar(100) DEFAULT NULL,
  `is_proses` enum('yes','no') NOT NULL DEFAULT 'no',
  `userid` varchar(10) NOT NULL,
  `create_at` datetime NOT NULL DEFAULT current_timestamp()
) ENGINE=InnoDB DEFAULT CHARSET=latin1 COLLATE=latin1_swedish_ci;

--
-- Dumping data for table `reservasi`
--

INSERT INTO `reservasi` (`id`, `pengayah_id`, `guide_id`, `tanggal`, `arrivaldate`, `namatamu`, `jml_tamu`, `method`, `DP`, `diskon`, `buktibayar`, `is_proses`, `userid`, `create_at`) VALUES
(1, 3, NULL, '2023-07-20 13:47:55', '2023-07-20', 1, 1, 'cash', 0, 0, NULL, 'yes', 'kadekbayu', '2023-07-20 12:47:55');

-- --------------------------------------------------------

--
-- Table structure for table `reservasi_detail`
--

CREATE TABLE `reservasi_detail` (
  `id` int(11) NOT NULL,
  `id_transaksi` int(11) NOT NULL,
  `jenis` enum('paket','produk','items') NOT NULL,
  `id_produk` int(11) NOT NULL COMMENT 'bisa berelasi ke paket,produk, items'
) ENGINE=InnoDB DEFAULT CHARSET=latin1 COLLATE=latin1_swedish_ci;

--
-- Dumping data for table `reservasi_detail`
--

INSERT INTO `reservasi_detail` (`id`, `id_transaksi`, `jenis`, `id_produk`) VALUES
(5, 1, 'produk', 2);

-- --------------------------------------------------------

--
-- Table structure for table `reservasi_pengunjung`
--

CREATE TABLE `reservasi_pengunjung` (
  `id_detail` int(11) NOT NULL,
  `id_pengunjung` int(11) NOT NULL,
  `jml` int(11) NOT NULL
) ENGINE=InnoDB DEFAULT CHARSET=latin1 COLLATE=latin1_swedish_ci;

--
-- Dumping data for table `reservasi_pengunjung`
--

INSERT INTO `reservasi_pengunjung` (`id_detail`, `id_pengunjung`, `jml`) VALUES
(5, 1, 0);

-- --------------------------------------------------------

--
-- Table structure for table `store`
--

CREATE TABLE `store` (
  `id` int(11) NOT NULL,
  `storename` varchar(50) NOT NULL,
  `status` enum('yes','no') NOT NULL DEFAULT 'no',
  `userid` varchar(10) NOT NULL,
  `create_at` datetime NOT NULL DEFAULT current_timestamp(),
  `update_at` datetime DEFAULT NULL ON UPDATE current_timestamp()
) ENGINE=InnoDB DEFAULT CHARSET=latin1 COLLATE=latin1_swedish_ci;

--
-- Dumping data for table `store`
--

INSERT INTO `store` (`id`, `storename`, `status`, `userid`, `create_at`, `update_at`) VALUES
(1, 'Warung Beji', 'no', 'admin', '2023-07-09 14:34:38', NULL),
(2, 'Warung Kopi', 'no', 'admin', '2023-07-09 14:34:52', NULL),
(3, 'Warung Bungkak', 'no', 'admin', '2023-07-09 14:34:59', NULL),
(4, 'Warung Herbal', 'no', 'admin', '2023-07-09 14:35:10', NULL),
(5, 'Pos Depan (Kasir)', 'no', 'admin', '2023-07-09 14:35:28', NULL);

-- --------------------------------------------------------

--
-- Table structure for table `store_transaksi`
--

CREATE TABLE `store_transaksi` (
  `id` int(11) NOT NULL,
  `storeid` int(11) NOT NULL,
  `tanggal` date NOT NULL,
  `userid` varchar(10) NOT NULL,
  `create_at` datetime NOT NULL DEFAULT current_timestamp()
) ENGINE=InnoDB DEFAULT CHARSET=utf8mb4 COLLATE=utf8mb4_general_ci;

--
-- Dumping data for table `store_transaksi`
--

INSERT INTO `store_transaksi` (`id`, `storeid`, `tanggal`, `userid`, `create_at`) VALUES
(1, 1, '2023-07-10', 'kasirdua', '2023-07-10 15:32:59'),
(2, 3, '2023-07-26', 'kasirtiga', '2023-07-26 17:18:11'),
(3, 1, '2023-07-28', 'kasirdua', '2023-07-28 12:01:28');

-- --------------------------------------------------------

--
-- Table structure for table `store_transaksi_detail`
--

CREATE TABLE `store_transaksi_detail` (
  `id_transaksi` int(11) NOT NULL,
  `id_produk` int(11) NOT NULL,
  `jumlah` int(11) NOT NULL
) ENGINE=InnoDB DEFAULT CHARSET=utf8mb4 COLLATE=utf8mb4_general_ci;

--
-- Dumping data for table `store_transaksi_detail`
--

INSERT INTO `store_transaksi_detail` (`id_transaksi`, `id_produk`, `jumlah`) VALUES
(1, 18, 3),
(2, 13, 120),
(3, 14, 20);

-- --------------------------------------------------------

--
-- Table structure for table `tbl_country`
--

CREATE TABLE `tbl_country` (
  `code` varchar(2) NOT NULL,
  `name` varchar(50) NOT NULL
) ENGINE=InnoDB DEFAULT CHARSET=latin1 COLLATE=latin1_swedish_ci;

--
-- Dumping data for table `tbl_country`
--

INSERT INTO `tbl_country` (`code`, `name`) VALUES
('AD', 'Andorra'),
('AE', 'United Arab Emirates'),
('AF', 'Afghanistan'),
('AG', 'Antigua And Barbuda'),
('AI', 'Anguilla'),
('AL', 'Albania'),
('AM', 'Armenia'),
('AO', 'Angola'),
('AQ', 'Antarctica'),
('AR', 'Argentina'),
('AS', 'American Samoa'),
('AT', 'Austria'),
('AU', 'Australia'),
('AW', 'Aruba'),
('AX', 'Aland Islands'),
('AZ', 'Azerbaijan'),
('BA', 'Bosnia and Herzegovina'),
('BB', 'Barbados'),
('BD', 'Bangladesh'),
('BE', 'Belgium'),
('BF', 'Burkina Faso'),
('BG', 'Bulgaria'),
('BH', 'Bahrain'),
('BI', 'Burundi'),
('BJ', 'Benin'),
('BL', 'Saint-Barthelemy'),
('BM', 'Bermuda'),
('BN', 'Brunei'),
('BO', 'Bolivia'),
('BQ', 'Bonaire, Sint Eustatius and Saba'),
('BR', 'Brazil'),
('BS', 'The Bahamas'),
('BT', 'Bhutan'),
('BV', 'Bouvet Island'),
('BW', 'Botswana'),
('BY', 'Belarus'),
('BZ', 'Belize'),
('CA', 'Canada'),
('CC', 'Cocos (Keeling) Islands'),
('CD', 'Democratic Republic of the Congo'),
('CF', 'Central African Republic'),
('CG', 'Congo'),
('CH', 'Switzerland'),
('CI', 'Ivory Coast'),
('CK', 'Cook Islands'),
('CL', 'Chile'),
('CM', 'Cameroon'),
('CN', 'China'),
('CO', 'Colombia'),
('CR', 'Costa Rica'),
('CU', 'Cuba'),
('CV', 'Cape Verde'),
('CW', 'Curaçao'),
('CX', 'Christmas Island'),
('CY', 'Cyprus'),
('CZ', 'Czech Republic'),
('DE', 'Germany'),
('DJ', 'Djibouti'),
('DK', 'Denmark'),
('DM', 'Dominica'),
('DO', 'Dominican Republic'),
('DZ', 'Algeria'),
('EC', 'Ecuador'),
('EE', 'Estonia'),
('EG', 'Egypt'),
('EH', 'Western Sahara'),
('ER', 'Eritrea'),
('ES', 'Spain'),
('ET', 'Ethiopia'),
('FI', 'Finland'),
('FJ', 'Fiji Islands'),
('FK', 'Falkland Islands'),
('FM', 'Micronesia'),
('FO', 'Faroe Islands'),
('FR', 'France'),
('GA', 'Gabon'),
('GB', 'United Kingdom'),
('GD', 'Grenada'),
('GE', 'Georgia'),
('GF', 'French Guiana'),
('GG', 'Guernsey and Alderney'),
('GH', 'Ghana'),
('GI', 'Gibraltar'),
('GL', 'Greenland'),
('GM', 'Gambia The'),
('GN', 'Guinea'),
('GP', 'Guadeloupe'),
('GQ', 'Equatorial Guinea'),
('GR', 'Greece'),
('GS', 'South Georgia'),
('GT', 'Guatemala'),
('GU', 'Guam'),
('GW', 'Guinea-Bissau'),
('GY', 'Guyana'),
('HK', 'Hong Kong S.A.R.'),
('HM', 'Heard Island and McDonald Islands'),
('HN', 'Honduras'),
('HR', 'Croatia'),
('HT', 'Haiti'),
('HU', 'Hungary'),
('ID', 'Indonesia'),
('IE', 'Ireland'),
('IL', 'Israel'),
('IM', 'Man (Isle of)'),
('IN', 'India'),
('IO', 'British Indian Ocean Territory'),
('IQ', 'Iraq'),
('IR', 'Iran'),
('IS', 'Iceland'),
('IT', 'Italy'),
('JE', 'Jersey'),
('JM', 'Jamaica'),
('JO', 'Jordan'),
('JP', 'Japan'),
('KE', 'Kenya'),
('KG', 'Kyrgyzstan'),
('KH', 'Cambodia'),
('KI', 'Kiribati'),
('KM', 'Comoros'),
('KN', 'Saint Kitts And Nevis'),
('KP', 'North Korea'),
('KR', 'South Korea'),
('KW', 'Kuwait'),
('KY', 'Cayman Islands'),
('KZ', 'Kazakhstan'),
('LA', 'Laos'),
('LB', 'Lebanon'),
('LC', 'Saint Lucia'),
('LI', 'Liechtenstein'),
('LK', 'Sri Lanka'),
('LR', 'Liberia'),
('LS', 'Lesotho'),
('LT', 'Lithuania'),
('LU', 'Luxembourg'),
('LV', 'Latvia'),
('LY', 'Libya'),
('MA', 'Morocco'),
('MC', 'Monaco'),
('MD', 'Moldova'),
('ME', 'Montenegro'),
('MF', 'Saint-Martin (French part)'),
('MG', 'Madagascar'),
('MH', 'Marshall Islands'),
('MK', 'Macedonia'),
('ML', 'Mali'),
('MM', 'Myanmar'),
('MN', 'Mongolia'),
('MO', 'Macau S.A.R.'),
('MP', 'Northern Mariana Islands'),
('MQ', 'Martinique'),
('MR', 'Mauritania'),
('MS', 'Montserrat'),
('MT', 'Malta'),
('MU', 'Mauritius'),
('MV', 'Maldives'),
('MW', 'Malawi'),
('MX', 'Mexico'),
('MY', 'Malaysia'),
('MZ', 'Mozambique'),
('NA', 'Namibia'),
('NC', 'New Caledonia'),
('NE', 'Niger'),
('NF', 'Norfolk Island'),
('NG', 'Nigeria'),
('NI', 'Nicaragua'),
('NL', 'Netherlands'),
('NO', 'Norway'),
('NP', 'Nepal'),
('NR', 'Nauru'),
('NU', 'Niue'),
('NZ', 'New Zealand'),
('OM', 'Oman'),
('PA', 'Panama'),
('PE', 'Peru'),
('PF', 'French Polynesia'),
('PG', 'Papua new Guinea'),
('PH', 'Philippines'),
('PK', 'Pakistan'),
('PL', 'Poland'),
('PM', 'Saint Pierre and Miquelon'),
('PN', 'Pitcairn Island'),
('PR', 'Puerto Rico'),
('PS', 'Palestinian Territory Occupied'),
('PT', 'Portugal'),
('PW', 'Palau'),
('PY', 'Paraguay'),
('QA', 'Qatar'),
('RE', 'Reunion'),
('RO', 'Romania'),
('RS', 'Serbia'),
('RU', 'Russia'),
('RW', 'Rwanda'),
('SA', 'Saudi Arabia'),
('SB', 'Solomon Islands'),
('SC', 'Seychelles'),
('SD', 'Sudan'),
('SE', 'Sweden'),
('SG', 'Singapore'),
('SH', 'Saint Helena'),
('SI', 'Slovenia'),
('SJ', 'Svalbard And Jan Mayen Islands'),
('SK', 'Slovakia'),
('SL', 'Sierra Leone'),
('SM', 'San Marino'),
('SN', 'Senegal'),
('SO', 'Somalia'),
('SR', 'Suriname'),
('SS', 'South Sudan'),
('ST', 'Sao Tome and Principe'),
('SV', 'El Salvador'),
('SX', 'Sint Maarten (Dutch part)'),
('SY', 'Syria'),
('SZ', 'Swaziland'),
('TC', 'Turks And Caicos Islands'),
('TD', 'Chad'),
('TF', 'French Southern Territories'),
('TG', 'Togo'),
('TH', 'Thailand'),
('TJ', 'Tajikistan'),
('TK', 'Tokelau'),
('TL', 'East Timor'),
('TM', 'Turkmenistan'),
('TN', 'Tunisia'),
('TO', 'Tonga'),
('TR', 'Turkey'),
('TT', 'Trinidad And Tobago'),
('TV', 'Tuvalu'),
('TW', 'Taiwan'),
('TZ', 'Tanzania'),
('UA', 'Ukraine'),
('UG', 'Uganda'),
('UM', 'United States Minor Outlying Islands'),
('US', 'United States'),
('UY', 'Uruguay'),
('UZ', 'Uzbekistan'),
('VA', 'Vatican City State (Holy See)'),
('VC', 'Saint Vincent And The Grenadines'),
('VE', 'Venezuela'),
('VG', 'Virgin Islands (British)'),
('VI', 'Virgin Islands (US)'),
('VN', 'Vietnam'),
('VU', 'Vanuatu'),
('WF', 'Wallis And Futuna Islands'),
('WS', 'Samoa'),
('XK', 'Kosovo'),
('YE', 'Yemen'),
('YT', 'Mayotte'),
('ZA', 'South Africa'),
('ZM', 'Zambia'),
('ZW', 'Zimbabwe');

-- --------------------------------------------------------

--
-- Table structure for table `tbl_state`
--

CREATE TABLE `tbl_state` (
  `state_code` varchar(10) NOT NULL,
  `country_code` varchar(2) NOT NULL,
  `state_name` varchar(100) NOT NULL
) ENGINE=InnoDB DEFAULT CHARSET=latin1 COLLATE=latin1_swedish_ci;

--
-- Dumping data for table `tbl_state`
--

INSERT INTO `tbl_state` (`state_code`, `country_code`, `state_name`) VALUES
('00', 'IR', 'Markazi'),
('00', 'MV', 'Alif Dhaal Atoll'),
('00', 'RS', 'Belgrade'),
('001', 'LV', 'Aglona Municipality'),
('001', 'SI', 'Ajdovš?ina Municipality'),
('002', 'LV', 'Aizkraukle Municipality'),
('002', 'PW', 'Aimeliik'),
('002', 'SI', 'Beltinci Municipality'),
('003', 'LV', 'Aizpute Municipality'),
('003', 'SI', 'Bled Municipality'),
('004', 'LV', 'Akn?ste Municipality'),
('004', 'PW', 'Airai'),
('004', 'SI', 'Bohinj Municipality'),
('005', 'LV', 'Aloja Municipality'),
('005', 'SI', 'Borovnica Municipality'),
('006', 'LV', 'Alsunga Municipality'),
('006', 'SI', 'Bovec Municipality'),
('007', 'LV', 'Al?ksne Municipality'),
('007', 'SI', 'Brda Municipality'),
('008', 'LV', 'Amata Municipality'),
('008', 'SI', 'Brezovica Municipality'),
('009', 'LV', 'Ape Municipality'),
('009', 'SI', 'Brežice Municipality'),
('01', 'AL', 'Berat County'),
('01', 'BA', 'Una-Sana Canton'),
('01', 'BB', 'Christ Church'),
('01', 'BD', 'Bandarban District'),
('01', 'BF', 'Boucle du Mouhoun Region'),
('01', 'BG', 'Blagoevgrad Province'),
('01', 'CI', 'Lagunes region'),
('01', 'CU', 'Pinar del Río Province'),
('01', 'CY', 'Nicosia District (Lefko?a)'),
('01', 'DO', 'Distrito Nacional'),
('01', 'DZ', 'Adrar'),
('01', 'FI', 'Åland Islands'),
('01', 'FJ', 'Ba'),
('01', 'FR', 'Ain'),
('01', 'GD', 'Saint Andrew Parish'),
('01', 'GR', 'Aetolia-Acarnania Regional Unit'),
('01', 'HR', 'Zagreb'),
('01', 'IR', 'Gilan'),
('01', 'JM', 'Kingston Parish'),
('01', 'JP', 'Hokkaid? Prefecture'),
('01', 'KE', 'Baringo'),
('01', 'KN', 'Christ Church Nichola Town Parish'),
('01', 'KP', 'Pyongyang'),
('01', 'LC', 'Anse la Raye Quarter'),
('01', 'LI', 'Balzers'),
('01', 'LT', 'Akmen? District Municipality'),
('01', 'MA', 'Tanger-Tétouan-Al Hoceïma'),
('01', 'ME', 'Andrijevica Municipality'),
('01', 'MK', 'Aerodrom Municipality'),
('01', 'MM', 'Sagaing Region'),
('01', 'MR', 'Hodh Ech Chargui'),
('01', 'MT', 'Attard'),
('01', 'MV', 'Addu Atoll'),
('01', 'MY', 'Johor'),
('01', 'NO', 'Østfold'),
('01', 'NR', 'Aiwo District'),
('01', 'PH', 'Ilocos'),
('01', 'PT', 'Aveiro'),
('01', 'RS', 'North Ba?ka District'),
('01', 'RW', 'Kigali district'),
('01', 'SA', 'Riyadh'),
('01', 'SC', 'Anse-aux-Pins'),
('01', 'SG', 'Central Singapore Community Development Council'),
('01', 'SM', 'Acquaviva'),
('01', 'TO', '?Eua'),
('01', 'TR', 'Adana'),
('01', 'TZ', 'Arusha'),
('01', 'VC', 'Charlotte Parish'),
('01', 'VN', 'Lai Châu'),
('01', 'ZM', 'Western Province'),
('010', 'LV', 'Auce Municipality'),
('010', 'PW', 'Angaur'),
('010', 'SI', 'Tišina Municipality'),
('011', 'SI', 'City Municipality of Celje'),
('012', 'LV', 'Bab?te Municipality'),
('012', 'SI', 'Cerklje na Gorenjskem Municipality'),
('013', 'LV', 'Baldone Municipality'),
('013', 'SI', 'Cerknica Municipality'),
('014', 'LV', 'Baltinava Municipality'),
('014', 'SI', 'Cerkno Municipality'),
('015', 'LV', 'Balvi Municipality'),
('015', 'SI', '?renšovci Municipality'),
('016', 'LV', 'Bauska Municipality'),
('016', 'SI', '?rna na Koroškem Municipality'),
('017', 'LV', 'Bever?na Municipality'),
('017', 'SI', '?rnomelj Municipality'),
('018', 'LV', 'Broc?ni Municipality'),
('018', 'SI', 'Destrnik Municipality'),
('019', 'LV', 'Burtnieki Municipality'),
('019', 'SI', 'Diva?a Municipality'),
('02', 'AD', 'Canillo'),
('02', 'AL', 'Durrës County'),
('02', 'BA', 'Posavina Canton'),
('02', 'BB', 'Saint Andrew'),
('02', 'BD', 'Barguna District'),
('02', 'BF', 'Cascades Region'),
('02', 'BG', 'Burgas Province'),
('02', 'CI', 'Haut-Sassandra'),
('02', 'CY', 'Limassol District (Leymasun)'),
('02', 'DM', 'Saint Andrew Parish'),
('02', 'DO', 'Azua Province'),
('02', 'DZ', 'Chlef'),
('02', 'FI', 'South Karelia'),
('02', 'FJ', 'Bua'),
('02', 'FR', 'Aisne'),
('02', 'GD', 'Saint David Parish'),
('02', 'HR', 'Krapina-Zagorje'),
('02', 'IR', 'Mazandaran'),
('02', 'JM', 'Saint Andrew'),
('02', 'JP', 'Aomori Prefecture'),
('02', 'KE', 'Bomet'),
('02', 'KN', 'Saint Anne Sandy Point Parish'),
('02', 'KP', 'South Pyongan Province'),
('02', 'LC', 'Castries Quarter'),
('02', 'LI', 'Eschen'),
('02', 'LT', 'Alytus City Municipality'),
('02', 'MA', 'L\'Oriental'),
('02', 'ME', 'Bar Municipality'),
('02', 'MK', 'Ara?inovo Municipality'),
('02', 'MM', 'Bago'),
('02', 'MR', 'Hodh El Gharbi'),
('02', 'MT', 'Balzan'),
('02', 'MV', 'Alif Alif Atoll'),
('02', 'MY', 'Kedah'),
('02', 'NO', 'Akershus'),
('02', 'NR', 'Anabar District'),
('02', 'PH', 'Cagayan Valley'),
('02', 'PT', 'Beja'),
('02', 'RS', 'Central Banat District'),
('02', 'RW', 'Eastern Province'),
('02', 'SA', 'Makkah'),
('02', 'SC', 'Anse Boileau'),
('02', 'SG', 'North East Community Development Council'),
('02', 'SM', 'Chiesanuova'),
('02', 'TO', 'Ha?apai'),
('02', 'TR', 'Ad?yaman'),
('02', 'TZ', 'Dar es Salaam'),
('02', 'VC', 'Saint Andrew Parish'),
('02', 'VN', 'Lào Cai'),
('02', 'ZM', 'Central Province'),
('020', 'LV', 'Carnikava Municipality'),
('020', 'SI', 'Dobrepolje Municipality'),
('021', 'LV', 'Cesvaine Municipality'),
('021', 'SI', 'Dobrova–Polhov Gradec Municipality'),
('022', 'LV', 'C?sis Municipality'),
('022', 'SI', 'Dol pri Ljubljani Municipality'),
('023', 'LV', 'Cibla Municipality'),
('023', 'SI', 'Domžale Municipality'),
('024', 'LV', 'Dagda Municipality'),
('024', 'SI', 'Dornava Municipality'),
('025', 'LV', 'Daugavpils Municipality'),
('025', 'SI', 'Dravograd Municipality'),
('026', 'LV', 'Dobele Municipality'),
('026', 'SI', 'Duplek Municipality'),
('027', 'LV', 'Dundaga Municipality'),
('027', 'SI', 'Gorenja Vas–Poljane Municipality'),
('028', 'LV', 'Durbe Municipality'),
('028', 'SI', 'Gorišnica Municipality'),
('029', 'LV', 'Engure Municipality'),
('029', 'SI', 'Gornja Radgona Municipality'),
('03', 'AD', 'Encamp'),
('03', 'AG', 'Saint George Parish'),
('03', 'AL', 'Elbasan County'),
('03', 'BA', 'Tuzla Canton'),
('03', 'BB', 'Saint George'),
('03', 'BD', 'Bogra District'),
('03', 'BF', 'Centre'),
('03', 'BG', 'Varna Province'),
('03', 'CI', 'Savanes Region'),
('03', 'CU', 'Havana Province'),
('03', 'CY', 'Larnaca District (Larnaka)'),
('03', 'DM', 'Saint David Parish'),
('03', 'DO', 'Baoruco Province'),
('03', 'DZ', 'Laghouat'),
('03', 'FI', 'Southern Ostrobothnia'),
('03', 'FJ', 'Cakaudrove'),
('03', 'FR', 'Allier'),
('03', 'GD', 'Saint George Parish'),
('03', 'GR', 'Boeotia Regional Unit'),
('03', 'HR', 'Sisak-Moslavina'),
('03', 'IR', 'East Azerbaijan'),
('03', 'JM', 'Saint Thomas Parish'),
('03', 'JP', 'Iwate Prefecture'),
('03', 'KE', 'Bungoma'),
('03', 'KP', 'North Pyongan Province'),
('03', 'LC', 'Choiseul Quarter'),
('03', 'LI', 'Gamprin'),
('03', 'LT', 'Alytus District Municipality'),
('03', 'MA', 'Fès-Meknès'),
('03', 'ME', 'Berane Municipality'),
('03', 'MK', 'Berovo Municipality'),
('03', 'MM', 'Magway Region'),
('03', 'MR', 'Assaba'),
('03', 'MT', 'Birgu'),
('03', 'MV', 'Lhaviyani Atoll'),
('03', 'MY', 'Kelantan'),
('03', 'NO', 'Oslo'),
('03', 'NR', 'Anetan District'),
('03', 'PH', 'Central Luzon'),
('03', 'PT', 'Braga'),
('03', 'RS', 'North Banat District'),
('03', 'RW', 'Northern Province'),
('03', 'SA', 'Al Madinah'),
('03', 'SG', 'North West Community Development Council'),
('03', 'SM', 'Domagnano'),
('03', 'TO', 'Niuas'),
('03', 'TR', 'Afyonkarahisar'),
('03', 'TZ', 'Dodoma'),
('03', 'VC', 'Saint David Parish'),
('03', 'VN', 'Hà Giang'),
('03', 'ZM', 'Eastern Province'),
('030', 'LV', '?rg?i Municipality'),
('030', 'SI', 'Gornji Grad Municipality'),
('031', 'LV', 'Garkalne Municipality'),
('031', 'SI', 'Gornji Petrovci Municipality'),
('032', 'LV', 'Grobi?a Municipality'),
('032', 'SI', 'Grosuplje Municipality'),
('033', 'LV', 'Gulbene Municipality'),
('033', 'SI', 'Šalovci Municipality'),
('034', 'LV', 'Iecava Municipality'),
('034', 'SI', 'Hrastnik Municipality'),
('035', 'LV', 'Ikš?ile Municipality'),
('035', 'MN', 'Orkhon Province'),
('035', 'SI', 'Hrpelje–Kozina Municipality'),
('036', 'LV', 'Il?kste Municipality'),
('036', 'SI', 'Idrija Municipality'),
('037', 'LV', 'In?ukalns Municipality'),
('037', 'MN', 'Darkhan-Uul Province'),
('037', 'SI', 'Ig Municipality'),
('038', 'LV', 'Jaunjelgava Municipality'),
('038', 'SI', 'Municipality of Ilirska Bistrica'),
('039', 'LV', 'Jaunpiebalga Municipality'),
('039', 'MN', 'Khentii Province'),
('039', 'SI', 'Ivan?na Gorica Municipality'),
('04', 'AD', 'La Massana'),
('04', 'AG', 'Saint John Parish'),
('04', 'AL', 'Fier County'),
('04', 'BA', 'Zenica-Doboj Canton'),
('04', 'BB', 'Saint James'),
('04', 'BD', 'Brahmanbaria District'),
('04', 'BF', 'Centre-Est Region'),
('04', 'BG', 'Veliko Tarnovo Province'),
('04', 'CI', 'Vallée du Bandama Region'),
('04', 'CU', 'Matanzas Province'),
('04', 'CY', 'Famagusta District (Ma?usa)'),
('04', 'DM', 'Saint George Parish'),
('04', 'DO', 'Barahona Province'),
('04', 'DZ', 'Oum El Bouaghi'),
('04', 'FI', 'Southern Savonia'),
('04', 'FJ', 'Kadavu'),
('04', 'FR', 'Alpes-de-Haute-Provence'),
('04', 'GD', 'Saint John Parish'),
('04', 'GR', 'Euboea'),
('04', 'HR', 'Karlovac'),
('04', 'IR', 'West Azarbaijan'),
('04', 'JM', 'Portland Parish'),
('04', 'JP', 'Miyagi Prefecture'),
('04', 'KE', 'Busia'),
('04', 'KN', 'Saint George Gingerland Parish'),
('04', 'KP', 'Chagang Province'),
('04', 'LC', 'Dauphin Quarter'),
('04', 'LI', 'Mauren'),
('04', 'MA', 'Rabat-Salé-Kénitra'),
('04', 'ME', 'Bijelo Polje Municipality'),
('04', 'MK', 'Bitola Municipality'),
('04', 'MM', 'Mandalay Region'),
('04', 'MR', 'Gorgol'),
('04', 'MT', 'Birkirkara'),
('04', 'MV', 'Vaavu Atoll'),
('04', 'MY', 'Malacca'),
('04', 'NO', 'Hedmark'),
('04', 'NR', 'Anibare District'),
('04', 'PT', 'Bragança'),
('04', 'RS', 'South Banat District'),
('04', 'RW', 'Western Province'),
('04', 'SA', 'Eastern Province'),
('04', 'SC', 'Au Cap'),
('04', 'SG', 'South East Community Development Council'),
('04', 'SM', 'Faetano'),
('04', 'TO', 'Tongatapu'),
('04', 'TR', 'A?r?'),
('04', 'TZ', 'Iringa'),
('04', 'VC', 'Saint George Parish'),
('04', 'VN', 'Cao B?ng'),
('04', 'ZM', 'Luapula Province'),
('040', 'LV', 'Jaunpils Municipality'),
('040', 'SI', 'Izola Municipality'),
('041', 'LV', 'Jelgava Municipality'),
('041', 'MN', 'Khövsgöl Province'),
('041', 'SI', 'Jesenice Municipality'),
('042', 'LV', 'J?kabpils Municipality'),
('042', 'SI', 'Juršinci Municipality'),
('043', 'LV', 'Kandava Municipality'),
('043', 'MN', 'Khovd Province'),
('043', 'SI', 'Kamnik Municipality'),
('044', 'LV', 'K?rsava Municipality'),
('044', 'SI', 'Kanal ob So?i Municipality'),
('045', 'LV', 'Koc?ni Municipality'),
('045', 'SI', 'Kidri?evo Municipality'),
('046', 'LV', 'Koknese Municipality'),
('046', 'MN', 'Uvs Province'),
('046', 'SI', 'Kobarid Municipality'),
('047', 'LV', 'Kr?slava Municipality'),
('047', 'MN', 'Töv Province'),
('047', 'SI', 'Kobilje Municipality'),
('048', 'LV', 'Krimulda Municipality'),
('048', 'SI', 'Ko?evje Municipality'),
('049', 'LV', 'Krustpils Municipality'),
('049', 'MN', 'Selenge Province'),
('049', 'SI', 'Komen Municipality'),
('05', 'AD', 'Ordino'),
('05', 'AG', 'Saint Mary Parish'),
('05', 'AL', 'Gjirokastër County'),
('05', 'BA', 'Bosnian Podrinje Canton'),
('05', 'BB', 'Saint John'),
('05', 'BD', 'Bagerhat District'),
('05', 'BF', 'Centre-Nord Region'),
('05', 'BG', 'Vidin Province'),
('05', 'CI', 'Moyen-Comoé'),
('05', 'CU', 'Villa Clara Province'),
('05', 'CY', 'Paphos District (Pafos)'),
('05', 'DM', 'Saint John Parish'),
('05', 'DO', 'Dajabón Province'),
('05', 'DZ', 'Batna'),
('05', 'FI', 'Kainuu'),
('05', 'FJ', 'Lau'),
('05', 'FR', 'Hautes-Alpes'),
('05', 'GD', 'Saint Mark Parish'),
('05', 'HR', 'Varaždin'),
('05', 'IR', 'Kermanshah'),
('05', 'JM', 'Saint Mary Parish'),
('05', 'JP', 'Akita Prefecture'),
('05', 'KE', 'Elgeyo-Marakwet'),
('05', 'KN', 'Saint James Windward Parish'),
('05', 'KP', 'South Hwanghae Province'),
('05', 'LC', 'Dennery Quarter'),
('05', 'LI', 'Planken'),
('05', 'LT', 'Birštonas Municipality'),
('05', 'MA', 'Béni Mellal-Khénifra'),
('05', 'ME', 'Budva Municipality'),
('05', 'MK', 'Bogdanci Municipality'),
('05', 'MM', 'Tanintharyi Region'),
('05', 'MR', 'Brakna'),
('05', 'MT', 'Bir?ebbu?a'),
('05', 'MV', 'Laamu Atoll'),
('05', 'MY', 'Negeri Sembilan'),
('05', 'NO', 'Oppland'),
('05', 'NR', 'Baiti District'),
('05', 'PH', 'Bicol'),
('05', 'PT', 'Castelo Branco'),
('05', 'RS', 'West Ba?ka District'),
('05', 'RW', 'Southern Province'),
('05', 'SA', 'Al-Qassim'),
('05', 'SC', 'Anse Royale'),
('05', 'SG', 'South West Community Development Council'),
('05', 'SM', 'Fiorentino'),
('05', 'TO', 'Vava?u'),
('05', 'TR', 'Amasya'),
('05', 'TZ', 'Kagera'),
('05', 'UA', 'Vinnytska oblast'),
('05', 'VC', 'Saint Patrick Parish'),
('05', 'VN', 'S?n La'),
('05', 'ZM', 'Northern Province'),
('050', 'LV', 'Kuld?ga Municipality'),
('050', 'PW', 'Hatohobei'),
('050', 'SI', 'Koper City Municipality'),
('051', 'LV', '?egums Municipality'),
('051', 'MN', 'Sükhbaatar Province'),
('051', 'SI', 'Kozje Municipality'),
('052', 'LV', '?ekava Municipality'),
('052', 'SI', 'Kranj City Municipality'),
('053', 'LV', 'Lielv?rde Municipality'),
('053', 'MN', 'Ömnögovi Province'),
('053', 'SI', 'Kranjska Gora Municipality'),
('054', 'LV', 'Limbaži Municipality'),
('054', 'SI', 'Municipality of Krško'),
('055', 'LV', 'L?gatne Municipality'),
('055', 'MN', 'Övörkhangai Province'),
('055', 'SI', 'Kungota'),
('056', 'LV', 'L?v?ni Municipality'),
('056', 'SI', 'Kuzma Municipality'),
('057', 'LV', 'Lub?na Municipality'),
('057', 'MN', 'Zavkhan Province'),
('057', 'SI', 'Laško Municipality'),
('058', 'LV', 'Ludza Municipality'),
('058', 'SI', 'Lenart Municipality'),
('059', 'LV', 'Madona Municipality'),
('059', 'MN', 'Dundgovi Province'),
('059', 'SI', 'Lendava Municipality'),
('06', 'AD', 'Sant Julià de Lòria'),
('06', 'AG', 'Saint Paul Parish'),
('06', 'AL', 'Korçë County'),
('06', 'BA', 'Central Bosnia Canton'),
('06', 'BB', 'Saint Joseph'),
('06', 'BD', 'Barisal District'),
('06', 'BF', 'Centre-Ouest Region'),
('06', 'BG', 'Vratsa Province'),
('06', 'CI', 'Dix-Huit Montagnes'),
('06', 'CU', 'Cienfuegos Province'),
('06', 'CY', 'Kyrenia District (Keryneia)'),
('06', 'DM', 'Saint Joseph Parish'),
('06', 'DO', 'Duarte Province'),
('06', 'DZ', 'Béjaïa'),
('06', 'FI', 'Tavastia Proper'),
('06', 'FJ', 'Lomaiviti'),
('06', 'FR', 'Alpes-Maritimes'),
('06', 'GD', 'Saint Patrick Parish'),
('06', 'GR', 'Phthiotis Prefecture'),
('06', 'HR', 'Koprivnica-Križevci'),
('06', 'IR', 'Khuzestan'),
('06', 'JM', 'Saint Ann Parish'),
('06', 'JP', 'Yamagata Prefecture'),
('06', 'KE', 'Embu'),
('06', 'KN', 'Saint John Capisterre Parish'),
('06', 'KP', 'North Hwanghae Province'),
('06', 'LC', 'Gros Islet Quarter'),
('06', 'LI', 'Ruggell'),
('06', 'LT', 'Biržai District Municipality'),
('06', 'MA', 'Casablanca-Settat'),
('06', 'ME', 'Old Royal Capital Cetinje'),
('06', 'MK', 'Bogovinje Municipality'),
('06', 'MM', 'Yangon Region'),
('06', 'MR', 'Trarza'),
('06', 'MT', 'Cospicua'),
('06', 'MY', 'Pahang'),
('06', 'NO', 'Buskerud'),
('06', 'NR', 'Boe District'),
('06', 'PH', 'Western Visayas'),
('06', 'PT', 'Coimbra'),
('06', 'RS', 'South Ba?ka District'),
('06', 'SA', 'Ha\'il'),
('06', 'SC', 'Baie Lazare'),
('06', 'SM', 'Borgo Maggiore'),
('06', 'TR', 'Ankara'),
('06', 'TZ', 'Pemba North'),
('06', 'VC', 'Grenadines Parish'),
('06', 'VN', 'Yên Bái'),
('06', 'ZM', 'Northwestern Province'),
('060', 'LV', 'Mazsalaca Municipality'),
('060', 'SI', 'Litija Municipality'),
('061', 'LV', 'M?lpils Municipality'),
('061', 'MN', 'Dornod Province'),
('061', 'SI', 'Ljubljana City Municipality'),
('062', 'LV', 'M?rupe Municipality'),
('062', 'SI', 'Ljubno Municipality'),
('063', 'LV', 'M?rsrags Municipality'),
('063', 'MN', 'Dornogovi Province'),
('063', 'SI', 'Ljutomer Municipality'),
('064', 'LV', 'Naukš?ni Municipality'),
('064', 'MN', 'Govisümber Province'),
('064', 'SI', 'Logatec Municipality'),
('065', 'LV', 'Nereta Municipality'),
('065', 'MN', 'Govi-Altai Province'),
('065', 'SI', 'Loška Dolina Municipality'),
('066', 'LV', 'N?ca Municipality'),
('066', 'SI', 'Loški Potok Municipality'),
('067', 'LV', 'Ogre Municipality'),
('067', 'MN', 'Bulgan Province'),
('067', 'SI', 'Lu?e Municipality'),
('068', 'LV', 'Olaine Municipality'),
('068', 'SI', 'Lukovica Municipality'),
('069', 'LV', 'Ozolnieki Municipality'),
('069', 'MN', 'Bayankhongor Province'),
('069', 'SI', 'Majšperk Municipality'),
('07', 'AD', 'Andorra la Vella'),
('07', 'AG', 'Saint Peter Parish'),
('07', 'AL', 'Kukës County'),
('07', 'BA', 'Herzegovina-Neretva Canton'),
('07', 'BB', 'Saint Lucy'),
('07', 'BD', 'Bhola District'),
('07', 'BF', 'Centre-Sud Region'),
('07', 'BG', 'Gabrovo Province'),
('07', 'CI', 'Lacs Region'),
('07', 'CU', 'Sancti Spíritus Province'),
('07', 'DM', 'Saint Luke Parish'),
('07', 'DZ', 'Biskra'),
('07', 'FI', 'Central Ostrobothnia'),
('07', 'FJ', 'Macuata'),
('07', 'FR', 'Ardèche'),
('07', 'HR', 'Bjelovar-Bilogora'),
('07', 'IR', 'Fars'),
('07', 'JM', 'Trelawny Parish'),
('07', 'JP', 'Fukushima Prefecture'),
('07', 'KE', 'Garissa'),
('07', 'KN', 'Saint John Figtree Parish'),
('07', 'KP', 'Kangwon Province'),
('07', 'LC', 'Laborie Quarter'),
('07', 'LI', 'Schaan'),
('07', 'LT', 'Druskininkai municipality'),
('07', 'MA', 'Marrakesh-Safi'),
('07', 'ME', 'Danilovgrad Municipality'),
('07', 'MK', 'Bosilovo Municipality'),
('07', 'MM', 'Ayeyarwady Region'),
('07', 'MR', 'Adrar'),
('07', 'MT', 'Dingli'),
('07', 'MV', 'Haa Alif Atoll'),
('07', 'MY', 'Penang'),
('07', 'NO', 'Vestfold'),
('07', 'NR', 'Buada District'),
('07', 'PH', 'Central Visayas'),
('07', 'PT', 'Évora'),
('07', 'RS', 'Srem District'),
('07', 'SA', 'Tabuk'),
('07', 'SC', 'Baie Sainte Anne'),
('07', 'SM', 'San Marino'),
('07', 'TR', 'Antalya'),
('07', 'TZ', 'Zanzibar North'),
('07', 'UA', 'Volynska oblast'),
('07', 'VN', 'Tuyên Quang'),
('07', 'ZM', 'Southern Province'),
('070', 'LV', 'P?rgauja Municipality'),
('070', 'SI', 'Maribor City Municipality'),
('071', 'LV', 'P?vilosta Municipality'),
('071', 'MN', 'Bayan-Ölgii Province'),
('071', 'SI', 'Medvode Municipality'),
('072', 'LV', 'P?avi?as Municipality'),
('072', 'SI', 'Mengeš Municipality'),
('073', 'LV', 'Prei?i Municipality'),
('073', 'MN', 'Arkhangai Province'),
('073', 'SI', 'Metlika Municipality'),
('074', 'LV', 'Priekule Municipality'),
('074', 'SI', 'Mežica Municipality'),
('075', 'LV', 'Prieku?i Municipality'),
('075', 'SI', 'Miren–Kostanjevica Municipality'),
('076', 'LV', 'Rauna Municipality'),
('076', 'SI', 'Mislinja Municipality'),
('077', 'LV', 'R?zekne Municipality'),
('077', 'SI', 'Morav?e Municipality'),
('078', 'LV', 'Riebi?i Municipality'),
('078', 'SI', 'Moravske Toplice Municipality'),
('079', 'LV', 'Roja Municipality'),
('079', 'SI', 'Mozirje Municipality'),
('08', 'AD', 'Escaldes-Engordany'),
('08', 'AG', 'Saint Philip Parish'),
('08', 'AL', 'Lezhë County'),
('08', 'BA', 'West Herzegovina Canton'),
('08', 'BB', 'Saint Michael'),
('08', 'BD', 'Comilla District'),
('08', 'BF', 'Est Region'),
('08', 'BG', 'Dobrich Province'),
('08', 'CU', 'Ciego de Ávila Province'),
('08', 'DM', 'Saint Mark Parish'),
('08', 'DO', 'El Seibo Province'),
('08', 'DZ', 'Béchar'),
('08', 'FI', 'Central Finland'),
('08', 'FJ', 'Nadroga-Navosa'),
('08', 'FR', 'Ardennes'),
('08', 'HR', 'Primorje-Gorski Kotar'),
('08', 'IR', 'Kerman'),
('08', 'JM', 'Saint James Parish'),
('08', 'JP', 'Ibaraki Prefecture'),
('08', 'KE', 'Homa Bay'),
('08', 'KN', 'Saint Mary Cayon Parish'),
('08', 'KP', 'South Hamgyong Province'),
('08', 'LC', 'Micoud Quarter'),
('08', 'LI', 'Schellenberg'),
('08', 'LT', 'Elektr?nai municipality'),
('08', 'MA', 'Drâa-Tafilalet'),
('08', 'MK', 'Brvenica Municipality'),
('08', 'MR', 'Dakhlet Nouadhibou'),
('08', 'MT', 'Fgura'),
('08', 'MV', 'Thaa Atoll'),
('08', 'MY', 'Perak'),
('08', 'NO', 'Telemark'),
('08', 'NR', 'Denigomodu District'),
('08', 'PH', 'Eastern Visayas'),
('08', 'PT', 'Faro'),
('08', 'RS', 'Ma?va District'),
('08', 'SA', 'Northern Borders'),
('08', 'SC', 'Beau Vallon'),
('08', 'SM', 'Montegiardino'),
('08', 'TR', 'Artvin'),
('08', 'TZ', 'Kigoma'),
('08', 'ZM', 'Copperbelt Province'),
('080', 'LV', 'Ropaži Municipality'),
('080', 'SI', 'Murska Sobota City Municipality'),
('081', 'LV', 'Rucava Municipality'),
('081', 'SI', 'Muta Municipality'),
('082', 'LV', 'Rug?ji Municipality'),
('082', 'SI', 'Naklo Municipality'),
('083', 'LV', 'Rund?le Municipality'),
('083', 'SI', 'Nazarje Municipality'),
('084', 'LV', 'R?jiena Municipality'),
('084', 'SI', 'Nova Gorica City Municipality'),
('085', 'LV', 'Sala Municipality'),
('085', 'SI', 'City Municipality of Novo Mesto'),
('086', 'LV', 'Salacgr?va Municipality'),
('086', 'SI', 'Odranci Municipality'),
('087', 'LV', 'Salaspils Municipality'),
('087', 'SI', 'Ormož Municipality'),
('088', 'LV', 'Saldus Municipality'),
('088', 'SI', 'Osilnica Municipality'),
('089', 'LV', 'Saulkrasti Municipality'),
('089', 'SI', 'Pesnica Municipality'),
('09', 'AL', 'Dibër County'),
('09', 'BA', 'Sarajevo Canton'),
('09', 'BB', 'Saint Peter'),
('09', 'BD', 'Chandpur District'),
('09', 'BF', 'Hauts-Bassins Region'),
('09', 'BG', 'Kardzhali Province'),
('09', 'CI', 'Bas-Sassandra Region'),
('09', 'CU', 'Camagüey Province'),
('09', 'DM', 'Saint Patrick Parish'),
('09', 'DO', 'Espaillat Province'),
('09', 'DZ', 'Blida'),
('09', 'FI', 'Kymenlaakso'),
('09', 'FJ', 'Naitasiri'),
('09', 'FR', 'Ariège'),
('09', 'HR', 'Lika-Senj'),
('09', 'IR', 'Razavi Khorasan'),
('09', 'JM', 'Hanover Parish'),
('09', 'JP', 'Tochigi Prefecture'),
('09', 'KE', 'Isiolo'),
('09', 'KN', 'Saint Paul Capisterre Parish'),
('09', 'KP', 'North Hamgyong Province'),
('09', 'LC', 'Praslin Quarter'),
('09', 'LI', 'Triesen'),
('09', 'LT', 'Ignalina District Municipality'),
('09', 'MA', 'Souss-Massa'),
('09', 'ME', 'Kolašin Municipality'),
('09', 'MK', 'Butel Municipality'),
('09', 'MR', 'Tagant'),
('09', 'MT', 'Floriana'),
('09', 'MY', 'Perlis'),
('09', 'NR', 'Ewa District'),
('09', 'PH', 'Zamboanga Peninsula'),
('09', 'PT', 'Guarda'),
('09', 'RS', 'Kolubara District'),
('09', 'SA', 'Jizan'),
('09', 'SC', 'Bel Air'),
('09', 'SM', 'Serravalle'),
('09', 'TR', 'Ayd?n'),
('09', 'TZ', 'Kilimanjaro'),
('09', 'UA', 'Luhanska oblast'),
('09', 'VN', 'L?ng S?n'),
('09', 'ZM', 'Lusaka Province'),
('090', 'LV', 'S?ja Municipality'),
('090', 'SI', 'Piran Municipality'),
('091', 'LV', 'Sigulda Municipality'),
('091', 'SI', 'Pivka Municipality'),
('092', 'LV', 'Skr?veri Municipality'),
('092', 'SI', 'Pod?etrtek Municipality'),
('093', 'LV', 'Skrunda Municipality'),
('093', 'SI', 'Podvelka Municipality'),
('094', 'LV', 'Smiltene Municipality'),
('094', 'SI', 'Postojna Municipality'),
('095', 'LV', 'Stopi?i Municipality'),
('095', 'SI', 'Preddvor Municipality'),
('096', 'LV', 'Stren?i Municipality'),
('096', 'SI', 'Ptuj City Municipality'),
('097', 'LV', 'Talsi Municipality'),
('097', 'SI', 'Puconci Municipality'),
('098', 'LV', 'T?rvete Municipality'),
('098', 'SI', 'Ra?e–Fram Municipality'),
('099', 'LV', 'Tukums Municipality'),
('099', 'SI', 'Rade?e Municipality'),
('1', 'AT', 'Burgenland'),
('1', 'GA', 'Estuaire Province'),
('1', 'IS', 'Capital Region'),
('1', 'KH', 'Banteay Meanchey'),
('1', 'LK', 'Western Province'),
('1', 'ML', 'Kayes Region'),
('1', 'NE', 'Agadez Region'),
('1', 'NP', 'Central Region'),
('1', 'PA', 'Bocas del Toro Province'),
('1', 'PY', 'Concepción Department'),
('10', 'AG', 'Barbuda'),
('10', 'AL', 'Shkodër County'),
('10', 'BA', 'Canton 10'),
('10', 'BB', 'Saint Philip'),
('10', 'BD', 'Chittagong District'),
('10', 'BF', 'Nord Region, Burkina Faso'),
('10', 'BG', 'Kyustendil Province'),
('10', 'CI', 'Denguélé Region'),
('10', 'CU', 'Las Tunas Province'),
('10', 'CZ', 'Praha, Hlavní m?sto'),
('10', 'DM', 'Saint Paul Parish'),
('10', 'DO', 'Independencia'),
('10', 'DZ', 'Bouïra'),
('10', 'FI', 'Lapland'),
('10', 'FJ', 'Namosi'),
('10', 'FR', 'Aube'),
('10', 'GD', 'Carriacou and Petite Martinique'),
('10', 'HR', 'Virovitica-Podravina'),
('10', 'IR', 'Isfahan'),
('10', 'JM', 'Westmoreland Parish'),
('10', 'JP', 'Gunma Prefecture'),
('10', 'KE', 'Kajiado'),
('10', 'KH', 'Kratie'),
('10', 'KN', 'Saint Paul Charlestown Parish'),
('10', 'KP', 'Ryanggang Province'),
('10', 'LC', 'Soufrière Quarter'),
('10', 'LI', 'Triesenberg'),
('10', 'LT', 'Jonava District Municipality'),
('10', 'MA', 'Guelmim-Oued Noun (EH-partial)'),
('10', 'ME', 'Kotor Municipality'),
('10', 'MK', 'Valandovo Municipality'),
('10', 'ML', 'Taoudénit Region'),
('10', 'MR', 'Guidimaka'),
('10', 'MT', 'Fontana'),
('10', 'MY', 'Selangor'),
('10', 'NO', 'Vest-Agder'),
('10', 'NR', 'Ijuw District'),
('10', 'PA', 'Panamá Oeste Province'),
('10', 'PH', 'Northern Mindanao'),
('10', 'PT', 'Leiria'),
('10', 'PY', 'Alto Paraná Department'),
('10', 'RS', 'Podunavlje District'),
('10', 'SA', 'Najran'),
('10', 'SC', 'Bel Ombre'),
('10', 'TH', 'Bangkok'),
('10', 'TR', 'Bal?kesir'),
('10', 'TZ', 'Pemba South'),
('10', 'ZM', 'Muchinga Province'),
('100', 'LV', 'Vai?ode Municipality'),
('100', 'PW', 'Kayangel'),
('100', 'SI', 'Radenci Municipality'),
('101', 'LV', 'Valka Municipality'),
('101', 'SI', 'Radlje ob Dravi Municipality'),
('101', 'UG', 'Kalangala District'),
('102', 'LV', 'Varak??ni Municipality'),
('102', 'SI', 'Radovljica Municipality'),
('102', 'UG', 'Kampala District'),
('103', 'LV', 'V?rkava Municipality'),
('103', 'SI', 'Ravne na Koroškem Municipality'),
('103', 'UG', 'Kiboga District'),
('104', 'LV', 'Vecpiebalga Municipality'),
('104', 'SI', 'Ribnica Municipality'),
('104', 'UG', 'Luwero District'),
('105', 'LV', 'Vecumnieki Municipality'),
('105', 'SI', 'Rogašovci Municipality'),
('105', 'UG', 'Masaka District'),
('106', 'LV', 'Ventspils Municipality'),
('106', 'SI', 'Rogaška Slatina Municipality'),
('106', 'UG', 'Mpigi District'),
('107', 'LV', 'Vies?te Municipality'),
('107', 'SI', 'Rogatec Municipality'),
('107', 'UG', 'Mubende District'),
('108', 'LV', 'Vi?aka Municipality'),
('108', 'SI', 'Ruše Municipality'),
('108', 'UG', 'Mukono District'),
('109', 'LV', 'Vi??ni Municipality'),
('109', 'SI', 'Semi? Municipality'),
('109', 'UG', 'Nakasongola District'),
('11', 'AG', 'Redonda'),
('11', 'AL', 'Tirana County'),
('11', 'BB', 'Saint Thomas'),
('11', 'BD', 'Cox\'s Bazar District'),
('11', 'BF', 'Plateau-Central Region'),
('11', 'BG', 'Lovech Province'),
('11', 'BT', 'Paro District'),
('11', 'CG', 'Bouenza Department'),
('11', 'CI', 'N\'zi-Comoé'),
('11', 'CU', 'Holguín Province'),
('11', 'DM', 'Saint Peter Parish'),
('11', 'DO', 'La Altagracia Province'),
('11', 'DZ', 'Tamanghasset'),
('11', 'FI', 'Pirkanmaa'),
('11', 'FJ', 'Ra'),
('11', 'FR', 'Aude'),
('11', 'GR', 'Argolis Regional Unit'),
('11', 'HR', 'Požega-Slavonia'),
('11', 'IR', 'Sistan and Baluchestan'),
('11', 'JM', 'Saint Elizabeth Parish'),
('11', 'JP', 'Saitama Prefecture'),
('11', 'KE', 'Kakamega'),
('11', 'KH', 'Mondulkiri'),
('11', 'KN', 'Saint Peter Basseterre Parish'),
('11', 'KR', 'Seoul'),
('11', 'LC', 'Vieux Fort Quarter'),
('11', 'LI', 'Vaduz'),
('11', 'LK', 'Colombo District'),
('11', 'LT', 'Joniškis District Municipality'),
('11', 'MA', 'Laâyoune-Sakia El Hamra (EH-partial)'),
('11', 'ME', 'Mojkovac Municipality'),
('11', 'MK', 'Vasilevo Municipality'),
('11', 'MM', 'Kachin State'),
('11', 'MR', 'Tiris Zemmour'),
('11', 'MT', 'Gudja'),
('11', 'MY', 'Terengganu'),
('11', 'NO', 'Rogaland'),
('11', 'NR', 'Meneng District'),
('11', 'PH', 'Davao'),
('11', 'PT', 'Lisbon'),
('11', 'PY', 'Central Department'),
('11', 'RS', 'Brani?evo District'),
('11', 'SA', 'Al Bahah'),
('11', 'SC', 'Cascade'),
('11', 'TH', 'Samut Prakan'),
('11', 'TN', 'Tunis'),
('11', 'TR', 'Bilecik'),
('11', 'TZ', 'Zanzibar South'),
('110', 'LV', 'Zilupe Municipality'),
('110', 'SI', 'Sevnica Municipality'),
('110', 'UG', 'Rakai District'),
('111', 'SI', 'Sežana Municipality'),
('111', 'UG', 'Sembabule District'),
('112', 'SI', 'Slovenj Gradec City Municipality'),
('112', 'UG', 'Kayunga District'),
('113', 'SI', 'Slovenska Bistrica Municipality'),
('113', 'UG', 'Wakiso District'),
('114', 'SI', 'Slovenske Konjice Municipality'),
('114', 'UG', 'Lyantonde District'),
('115', 'SI', 'Starše Municipality'),
('115', 'UG', 'Mityana District'),
('116', 'SI', 'Sveti Jurij ob Š?avnici Municipality'),
('116', 'UG', 'Nakaseke District'),
('117', 'SI', 'Šen?ur Municipality'),
('117', 'UG', 'Buikwe District'),
('118', 'SI', 'Šentilj Municipality'),
('118', 'UG', 'Bukomansimbi District'),
('119', 'SI', 'Šentjernej Municipality'),
('119', 'UG', 'Butambala District'),
('12', 'AL', 'Vlorë County'),
('12', 'BD', 'Chuadanga District'),
('12', 'BF', 'Sahel Region'),
('12', 'BG', 'Montana Province'),
('12', 'BT', 'Chukha District'),
('12', 'CG', 'Pool Department'),
('12', 'CI', 'Marahoué Region'),
('12', 'CU', 'Granma Province'),
('12', 'DO', 'La Romana Province'),
('12', 'DZ', 'Tébessa'),
('12', 'FI', 'Ostrobothnia'),
('12', 'FJ', 'Rewa'),
('12', 'FR', 'Aveyron'),
('12', 'GR', 'Arcadia Prefecture'),
('12', 'HR', 'Brod-Posavina'),
('12', 'IR', 'Kurdistan'),
('12', 'JM', 'Manchester Parish'),
('12', 'JP', 'Chiba Prefecture'),
('12', 'KE', 'Kericho'),
('12', 'KH', 'Phnom Penh'),
('12', 'KN', 'Saint Thomas Lowland Parish'),
('12', 'LC', 'Canaries'),
('12', 'LK', 'Gampaha District'),
('12', 'LT', 'Jurbarkas District Municipality'),
('12', 'MA', 'Dakhla-Oued Ed-Dahab (EH)'),
('12', 'ME', 'Nikši? Municipality'),
('12', 'MK', 'Vev?ani Municipality'),
('12', 'MM', 'Kayah State'),
('12', 'MR', 'Inchiri'),
('12', 'MT', 'G?ira'),
('12', 'MV', 'Meemu Atoll'),
('12', 'MY', 'Sabah'),
('12', 'NO', 'Hordaland'),
('12', 'NR', 'Nibok District'),
('12', 'PH', 'Soccsksargen'),
('12', 'PT', 'Portalegre'),
('12', 'PY', 'Ñeembucú Department'),
('12', 'RS', 'Šumadija District'),
('12', 'SA', 'Al Jawf'),
('12', 'SC', 'Glacis'),
('12', 'TH', 'Nonthaburi'),
('12', 'TN', 'Ariana'),
('12', 'TR', 'Bingöl'),
('12', 'TZ', 'Lindi'),
('12', 'UA', 'Dnipropetrovska oblast'),
('120', 'SI', 'Šentjur Municipality'),
('120', 'UG', 'Buvuma District'),
('121', 'SI', 'Škocjan Municipality'),
('121', 'UG', 'Gomba District'),
('122', 'SI', 'Škofja Loka Municipality'),
('122', 'UG', 'Kalungu District'),
('123', 'SI', 'Municipality of Škofljica'),
('123', 'UG', 'Kyankwanzi District'),
('124', 'SI', 'Šmarje pri Jelšah Municipality'),
('124', 'UG', 'Lwengo District'),
('125', 'SI', 'Šmartno ob Paki Municipality'),
('125', 'UG', 'Kyotera District'),
('126', 'SI', 'Šoštanj Municipality'),
('127', 'SI', 'Štore Municipality'),
('128', 'SI', 'Tolmin Municipality'),
('129', 'SI', 'Trbovlje Municipality'),
('13', 'BD', 'Dhaka District'),
('13', 'BF', 'Sud-Ouest Region'),
('13', 'BG', 'Pazardzhik Province'),
('13', 'BH', 'Capital'),
('13', 'BT', 'Haa District'),
('13', 'CG', 'Sangha Department'),
('13', 'CI', 'Sud-Comoé'),
('13', 'CU', 'Santiago de Cuba Province'),
('13', 'DO', 'La Vega Province'),
('13', 'DZ', 'Tlemcen'),
('13', 'FI', 'North Karelia'),
('13', 'FJ', 'Serua'),
('13', 'FR', 'Bouches-du-Rhône'),
('13', 'GR', 'Achaea Regional Unit'),
('13', 'HR', 'Zadar'),
('13', 'IR', 'Hamadan'),
('13', 'JM', 'Clarendon Parish'),
('13', 'JP', 'Tokyo'),
('13', 'KE', 'Kiambu'),
('13', 'KH', 'Preah Vihear'),
('13', 'KN', 'Saint Thomas Middle Island Parish'),
('13', 'KP', 'Rason'),
('13', 'LK', 'Kalutara District'),
('13', 'LT', 'Kaišiadorys District Municipality'),
('13', 'ME', 'Plav Municipality'),
('13', 'MK', 'Veles Municipality'),
('13', 'MM', 'Kayin State'),
('13', 'MR', 'Nouakchott-Ouest'),
('13', 'MT', 'G?ajnsielem'),
('13', 'MV', 'Raa Atoll'),
('13', 'MY', 'Sarawak'),
('13', 'NR', 'Uaboe District'),
('13', 'PH', 'Caraga'),
('13', 'PT', 'Porto'),
('13', 'PY', 'Amambay Department'),
('13', 'RS', 'Pomoravlje District'),
('13', 'SC', 'Grand\'Anse Mahé'),
('13', 'TH', 'Pathum Thani'),
('13', 'TN', 'Ben Arous'),
('13', 'TR', 'Bitlis'),
('13', 'TZ', 'Mara'),
('13', 'VN', 'Qu?ng Ninh'),
('130', 'SI', 'Trebnje Municipality'),
('131', 'SI', 'Trži? Municipality'),
('132', 'SI', 'Turniš?e Municipality'),
('134', 'SI', 'Velike Laš?e Municipality'),
('135', 'SI', 'Videm Municipality'),
('136', 'SI', 'Vipava Municipality'),
('137', 'SI', 'Vitanje Municipality'),
('138', 'SI', 'Vodice Municipality'),
('139', 'SI', 'Vojnik Municipality'),
('14', 'BD', 'Dinajpur District'),
('14', 'BG', 'Pernik Province'),
('14', 'BH', 'Southern'),
('14', 'BT', 'Samtse District'),
('14', 'CG', 'Plateaux Department'),
('14', 'CI', 'Worodougou'),
('14', 'CU', 'Guantánamo Province'),
('14', 'DO', 'María Trinidad Sánchez Province'),
('14', 'DZ', 'Tiaret'),
('14', 'FI', 'Northern Ostrobothnia'),
('14', 'FJ', 'Tailevu'),
('14', 'FR', 'Calvados'),
('14', 'HR', 'Osijek-Baranja'),
('14', 'IR', 'Chaharmahal and Bakhtiari'),
('14', 'JM', 'Saint Catherine Parish'),
('14', 'JP', 'Kanagawa Prefecture'),
('14', 'KE', 'Kilifi'),
('14', 'KH', 'Prey Veng'),
('14', 'LT', 'Kalvarija municipality'),
('14', 'ME', 'Pljevlja Municipality'),
('14', 'MK', 'Vinica Municipality'),
('14', 'MM', 'Chin State'),
('14', 'MR', 'Nouakchott-Nord'),
('14', 'MT', 'G?arb'),
('14', 'MV', 'Faafu Atoll'),
('14', 'MY', 'Kuala Lumpur'),
('14', 'NO', 'Sogn og Fjordane'),
('14', 'NR', 'Yaren District'),
('14', 'PH', 'Autonomous Region in Muslim Mindanao'),
('14', 'PT', 'Santarém'),
('14', 'PY', 'Canindeyú'),
('14', 'RS', 'Bor District'),
('14', 'SA', '\'Asir'),
('14', 'SC', 'Grand\'Anse Praslin'),
('14', 'TH', 'Phra Nakhon Si Ayutthaya'),
('14', 'TN', 'Manouba'),
('14', 'TR', 'Bolu'),
('14', 'TZ', 'Mbeya'),
('14', 'UA', 'Donetska oblast'),
('14', 'VN', 'Hòa Bình'),
('140', 'SI', 'Vrhnika Municipality'),
('141', 'SI', 'Vuzenica Municipality'),
('142', 'SI', 'Zagorje ob Savi Municipality'),
('143', 'SI', 'Zavr? Municipality'),
('144', 'SI', 'Zre?e Municipality'),
('146', 'SI', 'Železniki Municipality'),
('147', 'SI', 'Žiri Municipality'),
('148', 'SI', 'Benedikt Municipality'),
('149', 'SI', 'Bistrica ob Sotli Municipality'),
('15', 'BD', 'Faridpur District'),
('15', 'BG', 'Pleven Province'),
('15', 'BH', 'Muharraq'),
('15', 'BT', 'Thimphu District'),
('15', 'CG', 'Cuvette-Ouest Department'),
('15', 'CI', 'Sud-Bandama'),
('15', 'CU', 'Artemisa Province'),
('15', 'DO', 'Monte Cristi Province'),
('15', 'DZ', 'Tizi Ouzou'),
('15', 'FI', 'Northern Savonia'),
('15', 'FR', 'Cantal'),
('15', 'GR', 'Corinthia Regional Unit'),
('15', 'HR', 'Šibenik-Knin'),
('15', 'IR', 'Lorestan'),
('15', 'JP', 'Niigata Prefecture'),
('15', 'KE', 'Kirinyaga'),
('15', 'KH', 'Pursat'),
('15', 'KN', 'Trinity Palmetto Point Parish'),
('15', 'LT', 'Kaunas City Municipality'),
('15', 'ME', 'Plužine Municipality'),
('15', 'MK', 'Vraneštica Municipality'),
('15', 'MM', 'Mon State'),
('15', 'MR', 'Nouakchott-Sud'),
('15', 'MT', 'G?arg?ur'),
('15', 'MY', 'Labuan'),
('15', 'NO', 'Møre og Romsdal'),
('15', 'PH', 'Cordillera Administrative'),
('15', 'PT', 'Setúbal'),
('15', 'PY', 'Presidente Hayes Department'),
('15', 'RS', 'Zaje?ar District'),
('15', 'SC', 'La Digue'),
('15', 'TH', 'Ang Thong'),
('15', 'TR', 'Burdur'),
('15', 'TZ', 'Zanzibar West'),
('150', 'PW', 'Koror'),
('150', 'SI', 'Bloke Municipality'),
('151', 'SI', 'Braslov?e Municipality'),
('152', 'SI', 'Cankova Municipality'),
('153', 'SI', 'Cerkvenjak Municipality'),
('154', 'SI', 'Dobje Municipality'),
('155', 'SI', 'Dobrna Municipality'),
('156', 'SI', 'Dobrovnik Municipality'),
('157', 'SI', 'Dolenjske Toplice Municipality'),
('158', 'SI', 'Grad Municipality'),
('159', 'SI', 'Hajdina Municipality'),
('16', 'BD', 'Feni District'),
('16', 'BG', 'Plovdiv Province'),
('16', 'BH', 'Central'),
('16', 'CG', 'Pointe-Noire'),
('16', 'CI', 'Agnéby'),
('16', 'CU', 'Mayabeque Province'),
('16', 'DO', 'Pedernales Province'),
('16', 'DZ', 'Algiers'),
('16', 'FI', 'Päijänne Tavastia'),
('16', 'FR', 'Charente'),
('16', 'GR', 'Laconia'),
('16', 'HR', 'Vukovar-Syrmia'),
('16', 'IR', 'Ilam'),
('16', 'JP', 'Toyama Prefecture'),
('16', 'KE', 'Kisii'),
('16', 'KH', 'Ratanakiri'),
('16', 'LT', 'Kaunas District Municipality'),
('16', 'ME', 'Podgorica Municipality'),
('16', 'MK', 'Vrap?ište Municipality'),
('16', 'MM', 'Rakhine State'),
('16', 'MT', 'G?asri'),
('16', 'MY', 'Putrajaya'),
('16', 'NO', 'Sør-Trøndelag'),
('16', 'PT', 'Viana do Castelo'),
('16', 'PY', 'Alto Paraguay Department'),
('16', 'RS', 'Zlatibor District'),
('16', 'SC', 'La Rivière Anglaise'),
('16', 'TH', 'Lop Buri'),
('16', 'TR', 'Bursa'),
('16', 'TZ', 'Morogoro'),
('160', 'SI', 'Ho?e–Slivnica Municipality'),
('161', 'SI', 'Hodoš Municipality'),
('162', 'SI', 'Horjul Municipality'),
('163', 'SI', 'Jezersko Municipality'),
('164', 'SI', 'Komenda Municipality'),
('165', 'SI', 'Kostel Municipality'),
('166', 'SI', 'Križevci Municipality'),
('167', 'SI', 'Lovrenc na Pohorju Municipality'),
('168', 'SI', 'Markovci Municipality'),
('169', 'SI', 'Miklavž na Dravskem Polju Municipality'),
('17', 'BD', 'Gopalganj District'),
('17', 'BG', 'Razgrad Province'),
('17', 'BH', 'Northern'),
('17', 'CI', 'Bafing Region'),
('17', 'DO', 'Peravia Province'),
('17', 'DZ', 'Djelfa'),
('17', 'FI', 'Satakunta'),
('17', 'FR', 'Charente-Maritime'),
('17', 'HR', 'Split-Dalmatia'),
('17', 'IR', 'Kohgiluyeh and Boyer-Ahmad'),
('17', 'JP', 'Ishikawa Prefecture'),
('17', 'KE', 'Kisumu'),
('17', 'KH', 'Siem Reap'),
('17', 'LT', 'Kazl? R?da municipality'),
('17', 'ME', 'Rožaje Municipality'),
('17', 'MK', 'Gazi Baba Municipality'),
('17', 'MM', 'Shan State'),
('17', 'MT', 'G?axaq'),
('17', 'MV', 'Dhaalu Atoll'),
('17', 'NO', 'Nord-Trøndelag'),
('17', 'PT', 'Vila Real'),
('17', 'RS', 'Moravica District'),
('17', 'SC', 'Mont Buxton'),
('17', 'TH', 'Sing Buri'),
('17', 'TR', 'Çanakkale'),
('17', 'TZ', 'Mtwara'),
('170', 'SI', 'Mirna Pe? Municipality'),
('171', 'SI', 'Oplotnica'),
('172', 'SI', 'Podlehnik Municipality'),
('173', 'SI', 'Polzela Municipality'),
('174', 'SI', 'Prebold Municipality'),
('175', 'SI', 'Prevalje Municipality'),
('176', 'SI', 'Razkrižje Municipality'),
('177', 'SI', 'Ribnica na Pohorju Municipality'),
('178', 'SI', 'Selnica ob Dravi Municipality'),
('179', 'SI', 'Sodražica Municipality'),
('18', 'BD', 'Gazipur District'),
('18', 'BG', 'Ruse Province'),
('18', 'CI', 'Fromager'),
('18', 'DO', 'Puerto Plata Province'),
('18', 'DZ', 'Jijel'),
('18', 'FI', 'Uusimaa'),
('18', 'FR', 'Cher'),
('18', 'HR', 'Istria'),
('18', 'IR', 'Bushehr'),
('18', 'JP', 'Fukui Prefecture'),
('18', 'KE', 'Kitui'),
('18', 'KH', 'Sihanoukville'),
('18', 'LT', 'K?dainiai District Municipality'),
('18', 'ME', 'Šavnik Municipality'),
('18', 'MK', 'Gevgelija Municipality'),
('18', 'MM', 'Naypyidaw Union Territory'),
('18', 'MT', '?amrun'),
('18', 'NO', 'Nordland'),
('18', 'PT', 'Viseu'),
('18', 'RS', 'Raška District'),
('18', 'SC', 'Mont Fleuri'),
('18', 'TH', 'Chai Nat'),
('18', 'TR', 'Çank?r?'),
('18', 'TZ', 'Mwanza'),
('18', 'UA', 'Zhytomyrska oblast'),
('18', 'VN', 'Ninh Bình'),
('180', 'SI', 'Sol?ava Municipality'),
('181', 'SI', 'Sveta Ana Municipality'),
('182', 'SI', 'Sveti Andraž v Slovenskih Goricah Municipality'),
('183', 'SI', 'Šempeter–Vrtojba Municipality'),
('184', 'SI', 'Tabor Municipality'),
('185', 'SI', 'Trnovska Vas Municipality'),
('186', 'SI', 'Trzin Municipality'),
('187', 'SI', 'Velika Polana Municipality'),
('188', 'SI', 'Veržej Municipality'),
('189', 'SI', 'Vransko Municipality'),
('19', 'BD', 'Gaibandha District'),
('19', 'BG', 'Silistra Province'),
('19', 'CI', 'Moyen-Cavally'),
('19', 'DO', 'Hermanas Mirabal Province'),
('19', 'DZ', 'Sétif'),
('19', 'FI', 'Finland Proper'),
('19', 'FR', 'Corrèze'),
('19', 'HR', 'Dubrovnik-Neretva'),
('19', 'IR', 'Zanjan'),
('19', 'JP', 'Yamanashi Prefecture'),
('19', 'KE', 'Kwale'),
('19', 'KH', 'Stung Treng'),
('19', 'LT', 'Kelm? District Municipality'),
('19', 'ME', 'Tivat Municipality'),
('19', 'MK', 'Gostivar Municipality'),
('19', 'MT', 'Iklin'),
('19', 'NO', 'Troms'),
('19', 'PY', 'Boquerón Department'),
('19', 'RS', 'Rasina District'),
('19', 'SC', 'Plaisance'),
('19', 'TH', 'Saraburi'),
('19', 'TR', 'Çorum'),
('19', 'TZ', 'Pwani'),
('190', 'SI', 'Žalec Municipality'),
('191', 'SI', 'Žetale Municipality'),
('192', 'SI', 'Žirovnica Municipality'),
('193', 'SI', 'Žužemberk Municipality'),
('194', 'SI', 'Šmartno pri Litiji Municipality'),
('195', 'SI', 'Municipality of Apa?e'),
('196', 'SI', 'Municipality of Cirkulane'),
('197', 'SI', 'Kostanjevica na Krki Municipality'),
('198', 'SI', 'Makole Municipality'),
('199', 'SI', 'Mokronog–Trebelno Municipality'),
('2', 'AT', 'Carinthia'),
('2', 'CG', 'Lékoumou Department'),
('2', 'GA', 'Haut-Ogooué Province'),
('2', 'IS', 'Southern Peninsula Region'),
('2', 'KH', 'Battambang'),
('2', 'LK', 'Central Province'),
('2', 'ML', 'Koulikoro Region'),
('2', 'NE', 'Diffa Region'),
('2', 'NP', 'Mid-Western Region'),
('2', 'PA', 'Coclé Province'),
('2', 'PY', 'San Pedro Department'),
('20', 'BD', 'Habiganj District'),
('20', 'BG', 'Sliven Province'),
('20', 'CZ', 'St?edo?eský kraj'),
('20', 'DO', 'Samaná Province'),
('20', 'DZ', 'Saïda'),
('20', 'HR', 'Me?imurje'),
('20', 'IR', 'Semnan'),
('20', 'JP', 'Nagano Prefecture'),
('20', 'KE', 'Laikipia'),
('20', 'KH', 'Svay Rieng'),
('20', 'LT', 'Klaipeda City Municipality'),
('20', 'ME', 'Ulcinj Municipality'),
('20', 'MK', 'Gradsko Municipality'),
('20', 'MT', 'Senglea'),
('20', 'NO', 'Finnmark'),
('20', 'PT', 'Açores'),
('20', 'RS', 'Nišava District'),
('20', 'SC', 'Pointe La Rue'),
('20', 'TH', 'Chon Buri'),
('20', 'TR', 'Denizli'),
('20', 'TZ', 'Rukwa'),
('20', 'VN', 'Thái Bình'),
('200', 'SI', 'Polj?ane Municipality'),
('201', 'CZ', 'Benešov'),
('201', 'SI', 'Ren?e–Vogrsko Municipality'),
('201', 'UG', 'Bugiri District'),
('202', 'CZ', 'Beroun'),
('202', 'SI', 'Središ?e ob Dravi'),
('202', 'UG', 'Busia District'),
('203', 'CZ', 'Kladno'),
('203', 'SI', 'Straža Municipality'),
('203', 'UG', 'Iganga District'),
('204', 'CZ', 'Kolín'),
('204', 'SI', 'Sveta Trojica v Slovenskih Goricah Municipality'),
('204', 'UG', 'Jinja District'),
('205', 'CZ', 'Kutná Hora'),
('205', 'SI', 'Sveti Tomaž Municipality'),
('205', 'UG', 'Kamuli District'),
('206', 'CZ', 'M?lník'),
('206', 'SI', 'Šmarješke Toplice Municipality'),
('206', 'UG', 'Kapchorwa District'),
('207', 'CZ', 'Mladá Boleslav'),
('207', 'SI', 'Gorje Municipality'),
('207', 'UG', 'Katakwi District'),
('208', 'CZ', 'Nymburk'),
('208', 'SI', 'Log–Dragomer Municipality'),
('208', 'UG', 'Kumi District'),
('209', 'CZ', 'Praha-východ'),
('209', 'SI', 'Re?ica ob Savinji Municipality'),
('209', 'UG', 'Mbale District'),
('20A', 'CZ', 'Praha-západ'),
('20B', 'CZ', 'P?íbram'),
('20C', 'CZ', 'Rakovník'),
('20R', 'FR', 'Corse'),
('21', 'BD', 'Jamalpur District'),
('21', 'BG', 'Smolyan Province'),
('21', 'BT', 'Tsirang District'),
('21', 'DO', 'San Cristóbal Province'),
('21', 'DZ', 'Skikda'),
('21', 'FR', 'Côte-d\'Or'),
('21', 'HR', 'Zagreb'),
('21', 'IR', 'Yazd'),
('21', 'IT', 'Piedmont'),
('21', 'JP', 'Gifu Prefecture'),
('21', 'KE', 'Lamu'),
('21', 'KH', 'Takeo'),
('21', 'LK', 'Kandy District'),
('21', 'LT', 'Klaip?da District Municipality'),
('21', 'ME', 'Žabljak Municipality'),
('21', 'MT', 'Kalkara'),
('21', 'NO', 'Svalbard'),
('21', 'RS', 'Toplica District'),
('21', 'SC', 'Port Glaud'),
('21', 'TH', 'Rayong'),
('21', 'TN', 'Nabeul'),
('21', 'TR', 'Diyarbak?r'),
('21', 'TZ', 'Ruvuma'),
('21', 'UA', 'Zakarpatska Oblast'),
('21', 'VN', 'Thanh Hóa'),
('210', 'SI', 'Sveti Jurij v Slovenskih Goricah Municipality'),
('210', 'UG', 'Pallisa District'),
('211', 'SI', 'Šentrupert Municipality'),
('211', 'UG', 'Soroti District'),
('212', 'PW', 'Melekeok'),
('212', 'SI', 'Mirna Municipality'),
('212', 'UG', 'Tororo District'),
('213', 'SI', 'Ankaran Municipality'),
('213', 'UG', 'Kaberamaido District'),
('214', 'PW', 'Ngaraard'),
('214', 'UG', 'Mayuge District'),
('215', 'UG', 'Sironko District'),
('216', 'UG', 'Amuria District'),
('217', 'UG', 'Budaka District'),
('218', 'PW', 'Ngarchelong'),
('218', 'UG', 'Bududa District'),
('219', 'UG', 'Bukedea District'),
('22', 'BD', 'Jessore District'),
('22', 'BG', 'Sofia City Province'),
('22', 'BT', 'Dagana District'),
('22', 'DO', 'San Juan Province'),
('22', 'DZ', 'Sidi Bel Abbès'),
('22', 'FR', 'Côtes-d\'Armor'),
('22', 'GR', 'Corfu Prefecture'),
('22', 'IR', 'Hormozgan'),
('22', 'JP', 'Shizuoka Prefecture'),
('22', 'KE', 'Machakos'),
('22', 'KH', 'Oddar Meanchey'),
('22', 'LK', 'Matale District'),
('22', 'LT', 'Kretinga District Municipality'),
('22', 'ME', 'Gusinje Municipality'),
('22', 'MK', 'Debarca Municipality'),
('22', 'MT', 'Ker?em'),
('22', 'NO', 'Jan Mayen'),
('22', 'RS', 'Pirot District'),
('22', 'SC', 'Saint Louis'),
('22', 'TH', 'Chanthaburi'),
('22', 'TN', 'Zaghouan'),
('22', 'TR', 'Edirne'),
('22', 'TZ', 'Shinyanga'),
('22', 'VN', 'Ngh? An'),
('220', 'UG', 'Bukwo District'),
('221', 'UG', 'Butaleja District'),
('222', 'PW', 'Ngardmau'),
('222', 'UG', 'Kaliro District'),
('223', 'UG', 'Manafwa District'),
('224', 'PW', 'Ngatpang'),
('224', 'UG', 'Namutumba District'),
('225', 'UG', 'Bulambuli District'),
('226', 'PW', 'Ngchesar'),
('226', 'UG', 'Buyende District'),
('227', 'PW', 'Ngeremlengui'),
('227', 'UG', 'Kibuku District'),
('228', 'PW', 'Ngiwal'),
('228', 'UG', 'Kween District'),
('229', 'UG', 'Luuka District'),
('23', 'BD', 'Jhenaidah District'),
('23', 'BG', 'Sofia Province'),
('23', 'BT', 'Punakha District'),
('23', 'DO', 'San Pedro de Macorís'),
('23', 'DZ', 'Annaba'),
('23', 'FR', 'Creuse'),
('23', 'GR', 'Kefalonia Prefecture'),
('23', 'IR', 'Tehran'),
('23', 'IT', 'Aosta Valley'),
('23', 'JP', 'Aichi Prefecture'),
('23', 'KE', 'Makueni'),
('23', 'KH', 'Kep'),
('23', 'LK', 'Nuwara Eliya District'),
('23', 'LT', 'Kupiškis District Municipality'),
('23', 'ME', 'Petnjica Municipality'),
('23', 'MK', 'Del?evo Municipality'),
('23', 'MT', 'Kirkop'),
('23', 'MV', 'Haa Dhaalu Atoll'),
('23', 'RS', 'Jablanica District'),
('23', 'SC', 'Takamaka'),
('23', 'TH', 'Trat'),
('23', 'TN', 'Bizerte'),
('23', 'TR', 'Elaz??'),
('23', 'TZ', 'Singida'),
('23', 'UA', 'Zaporizka oblast'),
('23', 'VN', 'Hà T?nh'),
('230', 'UG', 'Namayingo District'),
('231', 'UG', 'Ngora District'),
('232', 'UG', 'Serere District'),
('233', 'UG', 'Butebo District'),
('234', 'UG', 'Namisindwa District'),
('24', 'BD', 'Joypurhat District'),
('24', 'BG', 'Stara Zagora Province'),
('24', 'BT', 'Wangdue Phodrang District'),
('24', 'DO', 'Sánchez Ramírez Province'),
('24', 'DZ', 'Guelma'),
('24', 'FR', 'Dordogne'),
('24', 'GR', 'Lefkada Regional Unit'),
('24', 'IR', 'Ardabil'),
('24', 'JP', 'Mie Prefecture'),
('24', 'KE', 'Mandera'),
('24', 'KH', 'Pailin'),
('24', 'LT', 'Lazdijai District Municipality'),
('24', 'MK', 'Demir Kapija Municipality'),
('24', 'MT', 'Lija'),
('24', 'MV', 'Shaviyani Atoll'),
('24', 'RS', 'P?inja District'),
('24', 'SC', 'Les Mamelles'),
('24', 'TH', 'Chachoengsao'),
('24', 'TR', 'Erzincan'),
('24', 'TZ', 'Tabora'),
('24', 'VN', 'Qu?ng Bình'),
('25', 'BD', 'Jhalokati District'),
('25', 'BG', 'Targovishte Province'),
('25', 'DO', 'Santiago Province'),
('25', 'DZ', 'Constantine'),
('25', 'FR', 'Doubs'),
('25', 'IR', 'Qom'),
('25', 'IT', 'Lombardy'),
('25', 'JP', 'Shiga Prefecture'),
('25', 'KE', 'Marsabit'),
('25', 'LT', 'Marijampol? Municipality'),
('25', 'MK', 'Demir Hisar Municipality'),
('25', 'MT', 'Luqa'),
('25', 'MV', 'Noonu Atoll'),
('25', 'SC', 'Roche Caiman'),
('25', 'TH', 'Prachin Buri'),
('25', 'TR', 'Erzurum'),
('25', 'TZ', 'Tanga'),
('25', 'VN', 'Qu?ng Tr?'),
('26', 'BD', 'Kishoreganj District'),
('26', 'BG', 'Haskovo Province'),
('26', 'DO', 'Santiago Rodríguez Province'),
('26', 'DZ', 'Médéa'),
('26', 'FR', 'Drôme'),
('26', 'IR', 'Qazvin'),
('26', 'JP', 'Ky?to Prefecture'),
('26', 'KE', 'Meru'),
('26', 'KR', 'Busan'),
('26', 'LT', 'Mažeikiai District Municipality'),
('26', 'MK', 'Dojran Municipality'),
('26', 'MT', 'Marsa'),
('26', 'MV', 'Kaafu Atoll'),
('26', 'TH', 'Nakhon Nayok'),
('26', 'TR', 'Eski?ehir'),
('26', 'TZ', 'Manyara'),
('26', 'UA', 'Ivano-Frankivska oblast'),
('26', 'VN', 'Th?a Thiên-Hu?'),
('27', 'BD', 'Khulna District'),
('27', 'BG', 'Shumen'),
('27', 'DO', 'Valverde Province'),
('27', 'DZ', 'Mostaganem'),
('27', 'FR', 'Eure'),
('27', 'IR', 'Golestan'),
('27', 'JP', '?saka Prefecture'),
('27', 'KE', 'Migori'),
('27', 'KR', 'Daegu'),
('27', 'LT', 'Mol?tai District Municipality'),
('27', 'MK', 'Dolneni Municipality'),
('27', 'MT', 'Marsaskala'),
('27', 'MV', 'Gaafu Alif Atoll'),
('27', 'TH', 'Sa Kaeo'),
('27', 'TR', 'Gaziantep'),
('27', 'TZ', 'Geita'),
('27', 'VN', 'Qu?ng Nam'),
('28', 'BD', 'Kurigram District'),
('28', 'BG', 'Yambol Province'),
('28', 'DO', 'Monseñor Nouel Province'),
('28', 'DZ', 'M\'Sila'),
('28', 'FR', 'Eure-et-Loir'),
('28', 'IR', 'North Khorasan'),
('28', 'JP', 'Hy?go Prefecture'),
('28', 'KE', 'Mombasa'),
('28', 'KR', 'Incheon'),
('28', 'LT', 'Neringa Municipality'),
('28', 'MK', 'Drugovo Municipality'),
('28', 'MT', 'Marsaxlokk'),
('28', 'MV', 'Gaafu Dhaalu Atoll'),
('28', 'TR', 'Giresun'),
('28', 'TZ', 'Katavi'),
('28', 'VN', 'Kon Tum'),
('29', 'BD', 'Khagrachari District'),
('29', 'DO', 'Monte Plata Province'),
('29', 'DZ', 'Mascara'),
('29', 'FR', 'Finistère'),
('29', 'GE', 'Khelvachauri Municipality'),
('29', 'IR', 'South Khorasan'),
('29', 'JP', 'Nara Prefecture'),
('29', 'KE', 'Murang\'a'),
('29', 'KR', 'Gwangju'),
('29', 'LT', 'Pag?giai municipality'),
('29', 'MK', 'Gjor?e Petrov Municipality'),
('29', 'MT', 'Mdina'),
('29', 'MV', 'Gnaviyani Atoll'),
('29', 'TR', 'Gümü?hane'),
('29', 'TZ', 'Njombe'),
('29', 'VN', 'Qu?ng Ngãi'),
('2A', 'FR', 'Corse-du-Sud'),
('2B', 'FR', 'Haute-Corse'),
('3', 'AT', 'Lower Austria'),
('3', 'GA', 'Moyen-Ogooué Province'),
('3', 'IS', 'Western Region'),
('3', 'KH', 'Kampong Cham'),
('3', 'LK', 'Southern Province'),
('3', 'ML', 'Sikasso Region'),
('3', 'NE', 'Dosso Region'),
('3', 'NP', 'Western Region'),
('3', 'PA', 'Colón Province'),
('3', 'PY', 'Cordillera Department'),
('30', 'BD', 'Kushtia District'),
('30', 'DO', 'Hato Mayor Province'),
('30', 'DZ', 'Ouargla'),
('30', 'FR', 'Gard'),
('30', 'IR', 'Alborz'),
('30', 'JP', 'Wakayama Prefecture'),
('30', 'KE', 'Nairobi City'),
('30', 'KR', 'Daejeon'),
('30', 'LT', 'Pakruojis District Municipality'),
('30', 'MK', 'Želino Municipality'),
('30', 'MT', 'Mellie?a'),
('30', 'PT', 'Madeira'),
('30', 'TH', 'Nakhon Ratchasima'),
('30', 'TR', 'Hakkâri'),
('30', 'TZ', 'Simiyu'),
('30', 'UA', 'Kyiv'),
('30', 'VN', 'Gia Lai'),
('301', 'UG', 'Adjumani District'),
('302', 'UG', 'Apac District'),
('303', 'UG', 'Arua District'),
('304', 'UG', 'Gulu District'),
('305', 'UG', 'Kitgum District'),
('306', 'UG', 'Kotido District'),
('307', 'UG', 'Lira District'),
('308', 'UG', 'Moroto District'),
('309', 'UG', 'Moyo District'),
('31', 'BD', 'Lakshmipur District'),
('31', 'BT', 'Sarpang District'),
('31', 'CZ', 'Jiho?eský kraj'),
('31', 'DO', 'San José de Ocoa Province'),
('31', 'DZ', 'Oran'),
('31', 'FR', 'Haute-Garonne'),
('31', 'JP', 'Tottori Prefecture'),
('31', 'KE', 'Nakuru'),
('31', 'KR', 'Ulsan'),
('31', 'LK', 'Galle District'),
('31', 'LT', 'Palanga City Municipality'),
('31', 'MK', 'Zajas Municipality'),
('31', 'MT', 'M?arr'),
('31', 'TH', 'Buri Ram'),
('31', 'TN', 'Kassrine'),
('31', 'TR', 'Hatay'),
('31', 'TZ', 'Songwe'),
('31', 'VN', 'Bình ??nh'),
('310', 'UG', 'Nebbi District'),
('311', 'CZ', '?eské Bud?jovice'),
('311', 'UG', 'Nakapiripirit District'),
('312', 'CZ', '?eský Krumlov'),
('312', 'UG', 'Pader District'),
('313', 'CZ', 'Jind?ich?v Hradec'),
('313', 'UG', 'Yumbe District'),
('314', 'CZ', 'Písek'),
('314', 'UG', 'Abim District'),
('315', 'CZ', 'Prachatice'),
('315', 'UG', 'Amolatar District'),
('316', 'CZ', 'Strakonice'),
('316', 'UG', 'Amuru District'),
('317', 'CZ', 'Tábor'),
('317', 'UG', 'Dokolo District'),
('318', 'UG', 'Kaabong District'),
('319', 'UG', 'Koboko District'),
('32', 'BD', 'Lalmonirhat District'),
('32', 'BT', 'Trongsa District'),
('32', 'CZ', 'Plze?ský kraj'),
('32', 'DO', 'Santo Domingo Province'),
('32', 'DZ', 'El Bayadh'),
('32', 'FR', 'Gers'),
('32', 'IT', 'Trentino-South Tyrol'),
('32', 'JP', 'Shimane Prefecture'),
('32', 'KE', 'Nandi'),
('32', 'LK', 'Matara District'),
('32', 'LT', 'Panev?žys City Municipality'),
('32', 'MK', 'Zelenikovo Municipality'),
('32', 'MT', 'Mosta'),
('32', 'TH', 'Surin'),
('32', 'TN', 'Jendouba'),
('32', 'TR', 'Isparta'),
('32', 'UA', 'Kyivska oblast'),
('32', 'VN', 'Phú Yên'),
('320', 'UG', 'Maracha District'),
('321', 'CZ', 'Domažlice'),
('321', 'UG', 'Oyam District'),
('322', 'CZ', 'Klatovy'),
('322', 'UG', 'Agago District'),
('323', 'CZ', 'Plze?-m?sto'),
('323', 'UG', 'Alebtong District'),
('324', 'CZ', 'Plze?-jih'),
('324', 'UG', 'Amudat District'),
('325', 'CZ', 'Plze?-sever'),
('325', 'UG', 'Kole District'),
('326', 'CZ', 'Rokycany'),
('326', 'UG', 'Lamwo District'),
('327', 'CZ', 'Tachov'),
('327', 'UG', 'Napak District'),
('328', 'UG', 'Nwoya District'),
('329', 'UG', 'Otuke District'),
('33', 'BD', 'Bahadia'),
('33', 'BT', 'Bumthang District'),
('33', 'DZ', 'Illizi'),
('33', 'FR', 'Gironde'),
('33', 'GR', 'Ioannina Regional Unit'),
('33', 'JP', 'Okayama Prefecture'),
('33', 'KE', 'Narok'),
('33', 'LK', 'Hambantota District'),
('33', 'LT', 'Panev?žys District Municipality'),
('33', 'MK', 'Zrnovci Municipality'),
('33', 'MT', 'Mqabba'),
('33', 'TH', 'Si Sa Ket'),
('33', 'TN', 'Kef'),
('33', 'TR', 'Mersin'),
('33', 'VN', '??k L?k'),
('330', 'UG', 'Zombo District'),
('331', 'UG', 'Omoro District'),
('332', 'UG', 'Pakwach District'),
('34', 'BD', 'Mymensingh District'),
('34', 'BT', 'Zhemgang District'),
('34', 'DZ', 'Bordj Bou Arréridj'),
('34', 'FR', 'Hérault'),
('34', 'GR', 'Preveza Prefecture'),
('34', 'IT', 'Veneto'),
('34', 'JP', 'Hiroshima Prefecture'),
('34', 'KE', 'Nyamira');
INSERT INTO `tbl_state` (`state_code`, `country_code`, `state_name`) VALUES
('34', 'LT', 'Pasvalys District Municipality'),
('34', 'MK', 'Ilinden Municipality'),
('34', 'MT', 'Msida'),
('34', 'TH', 'Ubon Ratchathani'),
('34', 'TN', 'Siliana'),
('34', 'TR', 'Istanbul'),
('34', 'VN', 'Khánh Hòa'),
('35', 'BD', 'Munshiganj District'),
('35', 'DZ', 'Boumerdès'),
('35', 'FR', 'Ille-et-Vilaine'),
('35', 'JP', 'Yamaguchi Prefecture'),
('35', 'KE', 'Nyandarua'),
('35', 'LT', 'Plung? District Municipality'),
('35', 'MK', 'Jegunovce Municipality'),
('35', 'MT', 'Mtarfa'),
('35', 'TH', 'Yasothon'),
('35', 'TR', '?zmir'),
('35', 'UA', 'Kirovohradska oblast'),
('35', 'VN', 'Lâm ??ng'),
('350', 'PW', 'Peleliu'),
('36', 'BD', 'Madaripur District'),
('36', 'DZ', 'El Tarf'),
('36', 'FR', 'Indre'),
('36', 'IT', 'Friuli–Venezia Giulia'),
('36', 'JP', 'Tokushima Prefecture'),
('36', 'KE', 'Nyeri'),
('36', 'LT', 'Prienai District Municipality'),
('36', 'MK', 'Kavadarci Municipality'),
('36', 'MT', 'Munxar'),
('36', 'TH', 'Chaiyaphum'),
('36', 'TR', 'Kars'),
('36', 'VN', 'Ninh Thu?n'),
('37', 'DZ', 'Tindouf'),
('37', 'EE', 'Harju County'),
('37', 'FR', 'Indre-et-Loire'),
('37', 'JP', 'Kagawa Prefecture'),
('37', 'KE', 'Samburu'),
('37', 'LT', 'Radviliškis District Municipality'),
('37', 'MK', 'Karbinci'),
('37', 'MT', 'Nadur'),
('37', 'TH', 'Amnat Charoen'),
('37', 'TR', 'Kastamonu'),
('37', 'VN', 'Tây Ninh'),
('370', 'PW', 'Sonsorol'),
('38', 'BD', 'Moulvibazar District'),
('38', 'DZ', 'Tissemsilt'),
('38', 'FR', 'Isère'),
('38', 'JP', 'Ehime Prefecture'),
('38', 'KE', 'Siaya'),
('38', 'LT', 'Raseiniai District Municipality'),
('38', 'MK', 'Karpoš Municipality'),
('38', 'MT', 'Naxxar'),
('38', 'TH', 'Bueng Kan'),
('38', 'TR', 'Kayseri'),
('39', 'BD', 'Meherpur District'),
('39', 'DZ', 'El Oued'),
('39', 'EE', 'Hiiu County'),
('39', 'FR', 'Jura'),
('39', 'JP', 'K?chi Prefecture'),
('39', 'KE', 'Taita–Taveta'),
('39', 'LT', 'Rietavas municipality'),
('39', 'MK', 'Kisela Voda Municipality'),
('39', 'MT', 'Paola'),
('39', 'TH', 'Nong Bua Lam Phu'),
('39', 'TR', 'K?rklareli'),
('39', 'VN', '??ng Nai'),
('4', 'AT', 'Upper Austria'),
('4', 'GA', 'Ngounié Province'),
('4', 'IS', 'Westfjords'),
('4', 'KH', 'Kampong Chhnang'),
('4', 'LK', 'Northern Province'),
('4', 'ML', 'Ségou Region'),
('4', 'NE', 'Maradi Region'),
('4', 'NP', 'Eastern Development Region'),
('4', 'PA', 'Chiriquí Province'),
('4', 'PY', 'Guairá Department'),
('40', 'BD', 'Narayanganj District'),
('40', 'DZ', 'Khenchela'),
('40', 'FR', 'Landes'),
('40', 'JP', 'Fukuoka Prefecture'),
('40', 'KE', 'Tana River'),
('40', 'LT', 'Rokiškis District Municipality'),
('40', 'MK', 'Ki?evo Municipality'),
('40', 'MT', 'Pembroke'),
('40', 'PH', 'Calabarzon'),
('40', 'TH', 'Khon Kaen'),
('40', 'TR', 'K?r?ehir'),
('40', 'VN', 'Bình Thu?n'),
('401', 'UG', 'Bundibugyo District'),
('402', 'UG', 'Bushenyi District'),
('404', 'UG', 'Kabale District'),
('405', 'UG', 'Kabarole District'),
('406', 'UG', 'Kasese District'),
('407', 'UG', 'Kibaale District'),
('408', 'UG', 'Kisoro District'),
('409', 'UG', 'Masindi District'),
('41', 'BD', 'Netrokona District'),
('41', 'BT', 'Trashigang District'),
('41', 'CZ', 'Karlovarský kraj'),
('41', 'DZ', 'Souk Ahras'),
('41', 'FR', 'Loir-et-Cher'),
('41', 'GR', 'Karditsa Regional Unit'),
('41', 'JP', 'Saga Prefecture'),
('41', 'KE', 'Tharaka-Nithi'),
('41', 'KR', 'Gyeonggi Province'),
('41', 'LK', 'Jaffna District'),
('41', 'LT', 'Šakiai District Municipality'),
('41', 'MK', 'Kon?e Municipality'),
('41', 'MT', 'Pietà'),
('41', 'PH', 'Mimaropa'),
('41', 'TH', 'Udon Thani'),
('41', 'TN', 'Kairouan'),
('41', 'TR', 'Kocaeli'),
('41', 'VN', 'Long An'),
('410', 'UG', 'Mbarara District'),
('411', 'CZ', 'Cheb'),
('411', 'UG', 'Ntungamo District'),
('412', 'CZ', 'Karlovy Vary'),
('412', 'UG', 'Rukungiri District'),
('413', 'CZ', 'Sokolov'),
('413', 'UG', 'Kamwenge District'),
('414', 'UG', 'Kanungu District'),
('415', 'UG', 'Kyenjojo District'),
('416', 'UG', 'Buliisa District'),
('417', 'UG', 'Ibanda District'),
('418', 'UG', 'Isingiro District'),
('419', 'UG', 'Kiruhura District'),
('42', 'BT', 'Mongar District'),
('42', 'CZ', 'Ústecký kraj'),
('42', 'DZ', 'Tipasa'),
('42', 'FR', 'Loire'),
('42', 'GR', 'Larissa Prefecture'),
('42', 'IT', 'Liguria'),
('42', 'JP', 'Nagasaki Prefecture'),
('42', 'KE', 'Trans Nzoia'),
('42', 'KR', 'Gangwon Province'),
('42', 'LK', 'Kilinochchi District'),
('42', 'LT', 'Šal?ininkai District Municipality'),
('42', 'MK', 'Ko?ani Municipality'),
('42', 'MT', 'Qala'),
('42', 'TH', 'Loei'),
('42', 'TN', 'Kasserine'),
('42', 'TR', 'Konya'),
('420', 'UG', 'Buhweju District'),
('421', 'CZ', 'D??ín'),
('421', 'UG', 'Kiryandongo District'),
('422', 'CZ', 'Chomutov'),
('422', 'UG', 'Kyegegwa District'),
('423', 'CZ', 'Litom??ice'),
('423', 'UG', 'Mitooma District'),
('424', 'CZ', 'Louny'),
('424', 'UG', 'Ntoroko District'),
('425', 'CZ', 'Most'),
('425', 'UG', 'Rubirizi District'),
('426', 'CZ', 'Teplice'),
('426', 'UG', 'Sheema District'),
('427', 'CZ', 'Ústí nad Labem'),
('427', 'UG', 'Kagadi District'),
('428', 'UG', 'Kakumiro District'),
('429', 'UG', 'Rubanda District'),
('43', 'BD', 'Narail District'),
('43', 'BT', 'Pemagatshel District'),
('43', 'DZ', 'Mila'),
('43', 'FR', 'Haute-Loire'),
('43', 'JP', 'Kumamoto Prefecture'),
('43', 'KE', 'Turkana'),
('43', 'KR', 'North Chungcheong Province'),
('43', 'LK', 'Mannar District'),
('43', 'LT', 'Šiauliai City Municipality'),
('43', 'MK', 'Kratovo Municipality'),
('43', 'MT', 'Qormi'),
('43', 'TH', 'Nong Khai'),
('43', 'TN', 'Sidi Bouzid'),
('43', 'TR', 'Kütahya'),
('43', 'UA', 'Autonomous Republic of Crimea'),
('43', 'VN', 'Bà R?a-V?ng Tàu'),
('430', 'UG', 'Bunyangabu District'),
('431', 'UG', 'Rukiga District'),
('44', 'BD', 'Natore District'),
('44', 'BT', 'Lhuntse District'),
('44', 'DZ', 'Aïn Defla'),
('44', 'EE', 'Ida-Viru County'),
('44', 'FR', 'Loire-Atlantique'),
('44', 'JP', '?ita Prefecture'),
('44', 'KE', 'Uasin Gishu'),
('44', 'KR', 'South Chungcheong Province'),
('44', 'LK', 'Vavuniya District'),
('44', 'LT', 'Šiauliai District Municipality'),
('44', 'MK', 'Kriva Palanka Municipality'),
('44', 'MT', 'Qrendi'),
('44', 'TH', 'Maha Sarakham'),
('44', 'TR', 'Malatya'),
('44', 'VN', 'An Giang'),
('45', 'BD', 'Chapai Nawabganj District'),
('45', 'BT', 'Samdrup Jongkhar District'),
('45', 'DZ', 'Naama'),
('45', 'FR', 'Loiret'),
('45', 'IT', 'Emilia-Romagna'),
('45', 'JP', 'Miyazaki Prefecture'),
('45', 'KE', 'Vihiga'),
('45', 'KR', 'North Jeolla Province'),
('45', 'LK', 'Mullaitivu District'),
('45', 'LT', 'Šilal? District Municipality'),
('45', 'MK', 'Krivogaštani Municipality'),
('45', 'MT', 'Victoria'),
('45', 'TH', 'Roi Et'),
('45', 'TR', 'Manisa'),
('45', 'VN', '??ng Tháp'),
('46', 'BD', 'Nilphamari District'),
('46', 'DZ', 'Aïn Témouchent'),
('46', 'FR', 'Lot'),
('46', 'JP', 'Kagoshima Prefecture'),
('46', 'KE', 'Wajir'),
('46', 'KR', 'South Jeolla Province'),
('46', 'LT', 'Šilut? District Municipality'),
('46', 'MK', 'Kruševo Municipality'),
('46', 'MT', 'Rabat'),
('46', 'TH', 'Kalasin'),
('46', 'TR', 'Kahramanmara?'),
('46', 'UA', 'Lvivska oblast'),
('46', 'VN', 'Ti?n Giang'),
('47', 'BD', 'Noakhali District'),
('47', 'DZ', 'Ghardaïa'),
('47', 'FR', 'Lot-et-Garonne'),
('47', 'JP', 'Okinawa Prefecture'),
('47', 'KE', 'West Pokot'),
('47', 'KR', 'North Gyeongsang Province'),
('47', 'LT', 'Širvintos District Municipality'),
('47', 'MK', 'Kumanovo Municipality'),
('47', 'TH', 'Sakon Nakhon'),
('47', 'TR', 'Mardin'),
('47', 'VN', 'Kiên Giang'),
('48', 'BD', 'Naogaon District'),
('48', 'DZ', 'Relizane'),
('48', 'FR', 'Lozère'),
('48', 'KR', 'South Gyeongsang Province'),
('48', 'LT', 'Skuodas District Municipality'),
('48', 'MK', 'Lipkovo Municipality'),
('48', 'MT', 'St. Julian\'s'),
('48', 'TH', 'Nakhon Phanom'),
('48', 'TR', 'Mu?la'),
('48', 'UA', 'Mykolaivska oblast'),
('49', 'BD', 'Pabna District'),
('49', 'DZ', 'El M\'ghair'),
('49', 'EE', 'Jõgeva County'),
('49', 'FR', 'Maine-et-Loire'),
('49', 'KR', 'Jeju'),
('49', 'LT', 'Šven?ionys District Municipality'),
('49', 'MK', 'Lozovo Municipality'),
('49', 'MT', 'San ?wann'),
('49', 'TH', 'Mukdahan'),
('49', 'TR', 'Mu?'),
('49', 'VN', 'V?nh Long'),
('5', 'AT', 'Salzburg'),
('5', 'CG', 'Kouilou Department'),
('5', 'GA', 'Nyanga Province'),
('5', 'IS', 'Northwestern Region'),
('5', 'KH', 'Kampong Speu'),
('5', 'LK', 'Eastern Province'),
('5', 'ML', 'Mopti Region'),
('5', 'NE', 'Tahoua Region'),
('5', 'NP', 'Far-Western Development Region'),
('5', 'PA', 'Darién Province'),
('5', 'PY', 'Caaguazú'),
('50', 'BD', 'Pirojpur District'),
('50', 'DZ', 'El Menia'),
('50', 'FR', 'Manche'),
('50', 'GE', 'Senaki Municipality'),
('50', 'KR', 'Sejong City'),
('50', 'LT', 'Taurag? District Municipality'),
('50', 'MK', 'Mavrovo and Rostuša Municipality'),
('50', 'MT', 'Saint Lawrence'),
('50', 'NO', 'Trøndelag'),
('50', 'TH', 'Chiang Mai'),
('50', 'TR', 'Nev?ehir'),
('50', 'VN', 'B?n Tre'),
('51', 'BD', 'Patuakhali District'),
('51', 'CZ', 'Liberecký kraj'),
('51', 'DZ', 'Ouled Djellal'),
('51', 'EE', 'Järva County'),
('51', 'FR', 'Marne'),
('51', 'GR', 'Grevena Prefecture'),
('51', 'LK', 'Batticaloa District'),
('51', 'LT', 'Telšiai District Municipality'),
('51', 'MK', 'Makedonska Kamenica Municipality'),
('51', 'MT', 'St. Paul\'s Bay'),
('51', 'TH', 'Lamphun'),
('51', 'TN', 'Sousse'),
('51', 'TR', 'Ni?de'),
('51', 'UA', 'Odeska oblast'),
('51', 'VN', 'Trà Vinh'),
('511', 'CZ', '?eská Lípa'),
('512', 'CZ', 'Jablonec nad Nisou'),
('513', 'CZ', 'Liberec'),
('514', 'CZ', 'Semily'),
('52', 'BD', 'Panchagarh District'),
('52', 'CZ', 'Královéhradecký kraj'),
('52', 'DZ', 'Bordj Baji Mokhtar'),
('52', 'FR', 'Haute-Marne'),
('52', 'GR', 'Drama Regional Unit'),
('52', 'IT', 'Tuscany'),
('52', 'LK', 'Ampara District'),
('52', 'LT', 'Trakai District Municipality'),
('52', 'MK', 'Makedonski Brod Municipality'),
('52', 'MT', 'Sannat'),
('52', 'TH', 'Lampang'),
('52', 'TN', 'Monastir'),
('52', 'TR', 'Ordu'),
('52', 'VN', 'Sóc Tr?ng'),
('521', 'CZ', 'Hradec Králové'),
('522', 'CZ', 'Ji?ín'),
('523', 'CZ', 'Náchod'),
('524', 'CZ', 'Rychnov nad Kn?žnou'),
('525', 'CZ', 'Trutnov'),
('53', 'BD', 'Rajbari District'),
('53', 'CZ', 'Pardubický kraj'),
('53', 'DZ', 'Béni Abbès'),
('53', 'FR', 'Mayenne'),
('53', 'GR', 'Imathia Regional Unit'),
('53', 'LK', 'Trincomalee District'),
('53', 'LT', 'Ukmerg? District Municipality'),
('53', 'MK', 'Mogila Municipality'),
('53', 'MT', 'Santa Lu?ija'),
('53', 'TH', 'Uttaradit'),
('53', 'TN', 'Mahdia'),
('53', 'TR', 'Rize'),
('53', 'UA', 'Poltavska oblast'),
('53', 'VN', 'B?c K?n'),
('531', 'CZ', 'Chrudim'),
('532', 'CZ', 'Pardubice'),
('533', 'CZ', 'Svitavy'),
('534', 'CZ', 'Ústí nad Orlicí'),
('54', 'BD', 'Rajshahi District'),
('54', 'DZ', 'Timimoun'),
('54', 'FR', 'Meurthe-et-Moselle'),
('54', 'GR', 'Thessaloniki Regional Unit'),
('54', 'LT', 'Utena District Municipality'),
('54', 'MK', 'Negotino Municipality'),
('54', 'MT', 'Santa Venera'),
('54', 'TH', 'Phrae'),
('54', 'TR', 'Sakarya'),
('54', 'VN', 'B?c Giang'),
('55', 'BD', 'Rangpur District'),
('55', 'DZ', 'Touggourt'),
('55', 'FR', 'Meuse'),
('55', 'IT', 'Umbria'),
('55', 'LT', 'Var?na District Municipality'),
('55', 'MK', 'Novaci Municipality'),
('55', 'MT', 'Si??iewi'),
('55', 'TH', 'Nan'),
('55', 'TR', 'Samsun'),
('55', 'VN', 'B?c Liêu'),
('56', 'BD', 'Rangamati Hill District'),
('56', 'DZ', 'Djanet'),
('56', 'FR', 'Morbihan'),
('56', 'GR', 'Kastoria Regional Unit'),
('56', 'LT', 'Vilkaviškis District Municipality'),
('56', 'MK', 'Novo Selo Municipality'),
('56', 'MT', 'Sliema'),
('56', 'TH', 'Phayao'),
('56', 'TR', 'Siirt'),
('56', 'UA', 'Rivnenska oblast'),
('56', 'VN', 'B?c Ninh'),
('57', 'BD', 'Sherpur District'),
('57', 'DZ', 'In Salah'),
('57', 'EE', 'Lääne County'),
('57', 'FR', 'Moselle'),
('57', 'GR', 'Kilkis Regional Unit'),
('57', 'IT', 'Marche'),
('57', 'LT', 'Vilnius City Municipality'),
('57', 'MK', 'Oslomej Municipality'),
('57', 'MT', 'Swieqi'),
('57', 'TH', 'Chiang Rai'),
('57', 'TR', 'Sinop'),
('57', 'VN', 'Bình D??ng'),
('58', 'BD', 'Satkhira District'),
('58', 'DZ', 'In Guezzam'),
('58', 'FR', 'Nièvre'),
('58', 'GR', 'Kozani Prefecture'),
('58', 'LT', 'Vilnius District Municipality'),
('58', 'MK', 'Ohrid Municipality'),
('58', 'MT', 'Ta\' Xbiex'),
('58', 'TH', 'Mae Hong Son'),
('58', 'TR', 'Sivas'),
('58', 'VN', 'Bình Ph??c'),
('59', 'BD', 'Sirajganj District'),
('59', 'EE', 'Lääne-Viru County'),
('59', 'FR', 'Nord'),
('59', 'GR', 'Pella Regional Unit'),
('59', 'LT', 'Visaginas Municipality'),
('59', 'MK', 'Petrovec Municipality'),
('59', 'MT', 'Tarxien'),
('59', 'TR', 'Tekirda?'),
('59', 'UA', 'Sumska oblast'),
('59', 'VN', 'Cà Mau'),
('6', 'AT', 'Styria'),
('6', 'GA', 'Ogooué-Ivindo Province'),
('6', 'IS', 'Northeastern Region'),
('6', 'KH', 'Kampong Thom'),
('6', 'LK', 'North Western Province'),
('6', 'ML', 'Tombouctou Region'),
('6', 'NE', 'Tillabéri Region'),
('6', 'PA', 'Herrera Province'),
('6', 'PY', 'Caazapá'),
('60', 'BD', 'Sylhet District'),
('60', 'FR', 'Oise'),
('60', 'LT', 'Zarasai District Municipality'),
('60', 'MK', 'Peh?evo Municipality'),
('60', 'MT', 'Valletta'),
('60', 'TH', 'Nakhon Sawan'),
('60', 'TR', 'Tokat'),
('61', 'BD', 'Sunamganj District'),
('61', 'FR', 'Orne'),
('61', 'MK', 'Plasnica Municipality'),
('61', 'MT', 'Xag?ra'),
('61', 'TH', 'Uthai Thani'),
('61', 'TN', 'Sfax'),
('61', 'TR', 'Trabzon'),
('61', 'UA', 'Ternopilska oblast'),
('61', 'VN', 'H?i D??ng'),
('62', 'BD', 'Shariatpur District'),
('62', 'FR', 'Pas-de-Calais'),
('62', 'GR', 'Serres Prefecture'),
('62', 'IT', 'Lazio'),
('62', 'LK', 'Puttalam District'),
('62', 'MK', 'Prilep Municipality'),
('62', 'MT', 'Xewkija'),
('62', 'TH', 'Kamphaeng Phet'),
('62', 'TR', 'Tunceli'),
('63', 'BD', 'Tangail District'),
('63', 'CZ', 'Kraj Vyso?ina'),
('63', 'FR', 'Puy-de-Dôme'),
('63', 'MK', 'Probištip Municipality'),
('63', 'MT', 'Xg?ajra'),
('63', 'TH', 'Tak'),
('63', 'TR', '?anl?urfa'),
('63', 'UA', 'Kharkivska oblast'),
('63', 'VN', 'Hà Nam'),
('631', 'CZ', 'Havlí?k?v Brod'),
('632', 'CZ', 'Jihlava'),
('633', 'CZ', 'Pelh?imov'),
('634', 'CZ', 'T?ebí?'),
('635', 'CZ', 'Ž?ár nad Sázavou'),
('64', 'BD', 'Thakurgaon District'),
('64', 'CZ', 'Jihomoravský kraj'),
('64', 'FR', 'Pyrénées-Atlantiques'),
('64', 'MK', 'Radoviš Municipality'),
('64', 'MT', '?abbar'),
('64', 'TH', 'Sukhothai'),
('64', 'TR', 'U?ak'),
('641', 'CZ', 'Blansko'),
('642', 'CZ', 'Brno-m?sto'),
('643', 'CZ', 'Brno-venkov'),
('644', 'CZ', 'B?eclav'),
('645', 'CZ', 'Hodonín'),
('646', 'CZ', 'Vyškov'),
('647', 'CZ', 'Znojmo'),
('65', 'EE', 'Põlva County'),
('65', 'FR', 'Hautes-Pyrénées'),
('65', 'IT', 'Abruzzo'),
('65', 'MK', 'Rankovce Municipality'),
('65', 'MT', '?ebbu? Gozo'),
('65', 'TH', 'Phitsanulok'),
('65', 'TR', 'Van'),
('65', 'UA', 'Khersonska oblast'),
('66', 'FR', 'Pyrénées-Orientales'),
('66', 'MK', 'Resen Municipality'),
('66', 'MT', '?ebbu? Malta'),
('66', 'TH', 'Phichit'),
('66', 'TR', 'Yozgat'),
('66', 'VN', 'H?ng Yên'),
('67', 'EE', 'Pärnu County'),
('67', 'FR', 'Bas-Rhin'),
('67', 'IT', 'Molise'),
('67', 'MK', 'Rosoman Municipality'),
('67', 'MT', '?ejtun'),
('67', 'TH', 'Phetchabun'),
('67', 'TR', 'Zonguldak'),
('67', 'VN', 'Nam ??nh'),
('68', 'FR', 'Haut-Rhin'),
('68', 'MK', 'Saraj Municipality'),
('68', 'MT', '?urrieq'),
('68', 'TR', 'Aksaray'),
('68', 'UA', 'Khmelnytska oblast'),
('68', 'VN', 'Phú Th?'),
('69', 'FR', 'Rhône'),
('69', 'MK', 'Sveti Nikole Municipality'),
('69', 'TR', 'Bayburt'),
('69', 'VN', 'Thái Nguyên'),
('69M', 'FR', 'Métropole de Lyon'),
('6AE', 'FR', 'Alsace'),
('7', 'AT', 'Tyrol'),
('7', 'CG', 'Likouala Department'),
('7', 'GA', 'Ogooué-Lolo Province'),
('7', 'IS', 'Eastern Region'),
('7', 'KH', 'Kampot'),
('7', 'LK', 'North Central Province'),
('7', 'ML', 'Gao Region'),
('7', 'NE', 'Zinder Region'),
('7', 'PA', 'Los Santos Province'),
('7', 'PY', 'Itapúa'),
('70', 'EE', 'Rapla County'),
('70', 'FR', 'Haute-Saône'),
('70', 'MK', 'Sopište Municipality'),
('70', 'TH', 'Ratchaburi'),
('70', 'TR', 'Karaman'),
('70', 'VN', 'V?nh Phúc'),
('71', 'CZ', 'Olomoucký kraj'),
('71', 'FR', 'Saône-et-Loire'),
('71', 'LK', 'Anuradhapura District'),
('71', 'MK', 'Staro Nagori?ane Municipality'),
('71', 'TH', 'Kanchanaburi'),
('71', 'TN', 'Gafsa'),
('71', 'TR', 'K?r?kkale'),
('71', 'UA', 'Cherkaska oblast'),
('71', 'VN', '?i?n Biên'),
('711', 'CZ', 'Jeseník'),
('712', 'CZ', 'Olomouc'),
('713', 'CZ', 'Prost?jov'),
('714', 'CZ', 'P?erov'),
('715', 'CZ', 'Šumperk'),
('72', 'CZ', 'Zlínský kraj'),
('72', 'FR', 'Sarthe'),
('72', 'IT', 'Campania'),
('72', 'LK', 'Polonnaruwa District'),
('72', 'MK', 'Struga Municipality'),
('72', 'TH', 'Suphan Buri'),
('72', 'TN', 'Tozeur'),
('72', 'TR', 'Batman'),
('72', 'VN', '??k Nông'),
('721', 'CZ', 'Krom??íž'),
('722', 'CZ', 'Uherské Hradišt?'),
('723', 'CZ', 'Vsetín'),
('724', 'CZ', 'Zlín'),
('73', 'FR', 'Savoie'),
('73', 'MK', 'Strumica Municipality'),
('73', 'TH', 'Nakhon Pathom'),
('73', 'TN', 'Kebili'),
('73', 'TR', '??rnak'),
('73', 'VN', 'H?u Giang'),
('74', 'EE', 'Saare County'),
('74', 'FR', 'Haute-Savoie'),
('74', 'MK', 'Studeni?ani Municipality'),
('74', 'TH', 'Samut Sakhon'),
('74', 'TR', 'Bart?n'),
('74', 'UA', 'Chernihivska oblast'),
('75', 'IT', 'Apulia'),
('75', 'MK', 'Tearce Municipality'),
('75', 'TH', 'Samut Songkhram'),
('75', 'TR', 'Ardahan'),
('75C', 'FR', 'Paris'),
('76', 'FR', 'Seine-Maritime'),
('76', 'MK', 'Tetovo Municipality'),
('76', 'TH', 'Phetchaburi'),
('76', 'TR', 'I?d?r'),
('77', 'FR', 'Seine-et-Marne'),
('77', 'IT', 'Basilicata'),
('77', 'MK', 'Centar Municipality'),
('77', 'TH', 'Prachuap Khiri Khan'),
('77', 'TR', 'Yalova'),
('77', 'UA', 'Chernivetska oblast'),
('78', 'EE', 'Tartu County'),
('78', 'FR', 'Yvelines'),
('78', 'IT', 'Calabria'),
('78', 'MK', 'Centar Župa Municipality'),
('78', 'TR', 'Karabük'),
('79', 'FR', 'Deux-Sèvres'),
('79', 'MK', '?air Municipality'),
('79', 'TR', 'Kilis'),
('8', 'AT', 'Vorarlberg'),
('8', 'CG', 'Cuvette Department'),
('8', 'GA', 'Ogooué-Maritime Province'),
('8', 'IS', 'Southern Region'),
('8', 'KH', 'Kandal'),
('8', 'LK', 'Uva Province'),
('8', 'ML', 'Kidal Region'),
('8', 'PA', 'Panamá Province'),
('8', 'PY', 'Misiones Department'),
('80', 'CZ', 'Moravskoslezský kraj'),
('80', 'FR', 'Somme'),
('80', 'MK', '?aška Municipality'),
('80', 'TH', 'Nakhon Si Thammarat'),
('80', 'TR', 'Osmaniye'),
('801', 'CZ', 'Bruntál'),
('802', 'CZ', 'Frýdek-Místek'),
('803', 'CZ', 'Karviná'),
('804', 'CZ', 'Nový Ji?ín'),
('805', 'CZ', 'Opava'),
('806', 'CZ', 'Ostrava-m?sto'),
('81', 'DK', 'North Denmark Region'),
('81', 'FR', 'Tarn'),
('81', 'LK', 'Badulla District'),
('81', 'MK', '?ešinovo-Obleševo Municipality'),
('81', 'TH', 'Krabi'),
('81', 'TN', 'Gabès'),
('81', 'TR', 'Düzce'),
('82', 'DK', 'Central Denmark Region'),
('82', 'EE', 'Valga County'),
('82', 'FR', 'Tarn-et-Garonne'),
('82', 'IT', 'Sicily'),
('82', 'LK', 'Monaragala District'),
('82', 'MK', '?u?er-Sandevo Municipality'),
('82', 'TH', 'Phangnga'),
('82', 'TN', 'Medenine'),
('83', 'DK', 'Region of Southern Denmark'),
('83', 'FR', 'Var'),
('83', 'MK', 'Štip Municipality'),
('83', 'TH', 'Phuket'),
('83', 'TN', 'Tataouine'),
('84', 'DK', 'Capital Region of Denmark'),
('84', 'EE', 'Viljandi County'),
('84', 'FR', 'Vaucluse'),
('84', 'MK', 'Šuto Orizari Municipality'),
('84', 'TH', 'Surat Thani'),
('85', 'DK', 'Region Zealand'),
('85', 'FR', 'Vendée'),
('85', 'MK', 'Greater Skopje'),
('85', 'TH', 'Ranong'),
('86', 'EE', 'Võru County'),
('86', 'FR', 'Vienne'),
('86', 'TH', 'Chumphon'),
('87', 'FR', 'Haute-Vienne'),
('88', 'FR', 'Vosges'),
('88', 'IT', 'Sardinia'),
('89', 'FR', 'Yonne'),
('9', 'AT', 'Vienna'),
('9', 'CG', 'Niari Department'),
('9', 'GA', 'Woleu-Ntem Province'),
('9', 'KH', 'Koh Kong'),
('9', 'LK', 'Sabaragamuwa Province'),
('9', 'ML', 'Ménaka Region'),
('9', 'PA', 'Veraguas Province'),
('9', 'PY', 'Paraguarí Department'),
('90', 'FR', 'Territoire de Belfort'),
('90', 'TH', 'Songkhla'),
('91', 'FR', 'Essonne'),
('91', 'LK', 'Ratnapura district'),
('91', 'TH', 'Satun'),
('92', 'FR', 'Hauts-de-Seine'),
('92', 'LK', 'Kegalle District'),
('92', 'TH', 'Trang'),
('93', 'FR', 'Seine-Saint-Denis'),
('93', 'TH', 'Phatthalung'),
('94', 'FR', 'Val-de-Marne'),
('94', 'GR', 'Chania Regional Unit'),
('94', 'TH', 'Pattani'),
('95', 'FR', 'Val-d\'Oise'),
('95', 'TH', 'Yala'),
('96', 'TH', 'Narathiwat'),
('971', 'FR', 'Guadeloupe'),
('972', 'FR', 'Martinique'),
('973', 'FR', 'French Guiana'),
('974', 'FR', 'La Réunion'),
('976', 'FR', 'Mayotte'),
('99', 'CU', 'Isla de la Juventud'),
('A', 'AR', 'Salta'),
('A', 'BD', 'Barisal Division'),
('A', 'CR', 'Alajuela Province'),
('A', 'EC', 'Azuay'),
('A', 'ES', 'Alicante'),
('A', 'GR', 'East Macedonia and Thrace'),
('A', 'KM', 'Anjouan'),
('A', 'LS', 'Maseru District'),
('A', 'MG', 'Toamasina Province'),
('A', 'MZ', 'Niassa Province'),
('A', 'TM', 'Ahal Region'),
('A', 'VE', 'Distrito Capital'),
('A2', 'GR', 'East Attica Regional Unit'),
('AA', 'ET', 'Addis Ababa'),
('AA', 'GH', 'Greater Accra'),
('AA', 'WS', 'A\'ana'),
('AB', 'CA', 'Alberta'),
('AB', 'CI', 'Abidjan'),
('AB', 'ES', 'Albacete'),
('AB', 'GE', 'Autonomous Republic of Abkhazia'),
('AB', 'NG', 'Abia'),
('AB', 'RO', 'Alba'),
('AB', 'SE', 'Stockholm County'),
('AB', 'YE', 'Abyan'),
('ABC', 'GB', 'Armagh, Banbridge and Craigavon'),
('ABD', 'GB', 'Aberdeenshire'),
('ABE', 'GB', 'Aberdeen'),
('ABR', 'PH', 'Abra'),
('ABS', 'AZ', 'Absheron District'),
('AC', 'BR', 'Acre'),
('AC', 'BS', 'Acklins and Crooked Islands'),
('AC', 'CF', 'Ouham Prefecture'),
('AC', 'ID', 'Aceh'),
('AC', 'SE', 'Västerbotten County'),
('ACT', 'AU', 'Australian Capital Territory'),
('AD', 'CM', 'Adamawa'),
('AD', 'NG', 'Adamawa'),
('AD', 'RU', 'Republic of Adygea'),
('AD', 'YE', '\'Adan'),
('AF', 'ET', 'Afar Region'),
('AF', 'GH', 'Ahafo'),
('AG', 'AM', 'Aragatsotn Region'),
('AG', 'CH', 'Aargau'),
('AG', 'IT', 'Agrigento'),
('AG', 'MU', 'Agaléga'),
('AG', 'RO', 'Arges'),
('AGA', 'AZ', 'Agstafa District'),
('AGB', 'GB', 'Argyll and Bute'),
('AGC', 'AZ', 'Aghjabadi District'),
('AGD', 'MA', 'Agadir-Ida-Ou-Tanane'),
('AGM', 'AZ', 'Agdam District'),
('AGN', 'PH', 'Agusan del Norte'),
('AGS', 'AZ', 'Agdash District'),
('AGS', 'PH', 'Agusan del Sur'),
('AGU', 'AZ', 'Agsu District'),
('AGU', 'MX', 'Aguascalientes'),
('AH', 'CN', 'Anhui'),
('AH', 'GH', 'Ashanti'),
('AH', 'KW', 'Al Ahmadi'),
('AH', 'SV', 'Ahuachapán Department'),
('AI', 'CH', 'Appenzell Innerrhoden'),
('AI', 'CL', 'Aisén del General Carlos Ibañez del Campo'),
('AJ', 'AE', 'Ajman Emirate'),
('AJ', 'GE', 'Adjara'),
('AJ', 'JO', 'Ajloun'),
('AK', 'BJ', 'Atakora Department'),
('AK', 'BS', 'Acklins'),
('AK', 'LB', 'Akkar'),
('AK', 'NG', 'Akwa Ibom'),
('AK', 'US', 'Alaska'),
('AKL', 'PH', 'Aklan'),
('AKM', 'KZ', 'Akmola Region'),
('AKT', 'KZ', 'Aktobe Region'),
('AL', 'BJ', 'Alibori Department'),
('AL', 'BR', 'Alagoas'),
('AL', 'ES', 'Almeria'),
('AL', 'IT', 'Alessandria'),
('AL', 'LT', 'Alytus County'),
('AL', 'RU', 'Altai Republic'),
('AL', 'TL', 'Aileu municipality'),
('AL', 'US', 'Alabama'),
('AL', 'WS', 'Aiga-i-le-Tai'),
('ALA', 'KZ', 'Almaty'),
('ALB', 'PH', 'Albay'),
('ALM', 'KZ', 'Almaty Region'),
('ALT', 'RU', 'Altai Krai'),
('ALX', 'EG', 'Alexandria'),
('AM', 'BR', 'Amazonas'),
('AM', 'ET', 'Amhara Region'),
('AM', 'JO', 'Amman'),
('AM', 'YE', '\'Amran'),
('AMA', 'CO', 'Amazonas'),
('AMA', 'PE', 'Amazonas'),
('AMU', 'RU', 'Amur Oblast'),
('AN', 'CL', 'Antofagasta'),
('AN', 'ER', 'Anseba Region'),
('AN', 'GQ', 'Annobón Province'),
('AN', 'IN', 'Andaman and Nicobar Islands'),
('AN', 'IQ', 'Al Anbar'),
('AN', 'IT', 'Ancona'),
('AN', 'MD', 'Anenii Noi District'),
('AN', 'NG', 'Anambra'),
('AN', 'NI', 'North Caribbean Coast'),
('AN', 'TL', 'Ainaro Municipality'),
('AN', 'UZ', 'Andijan Region'),
('ANC', 'PE', 'Áncash'),
('AND', 'GB', 'Ards and North Down'),
('ANN', 'GB', 'Antrim and Newtownabbey'),
('ANS', 'GB', 'Angus'),
('ANT', 'CO', 'Antioquia'),
('ANT', 'GB', 'Antrim'),
('ANT', 'PH', 'Antique'),
('AOU', 'MA', 'Aousserd (EH)'),
('AP', 'BR', 'Amapá'),
('AP', 'CL', 'Arica y Parinacota'),
('AP', 'IN', 'Andhra Pradesh'),
('AP', 'IT', 'Ascoli Piceno'),
('APA', 'PH', 'Apayao'),
('APU', 'PE', 'Apurímac'),
('AQ', 'BJ', 'Atlantique Department'),
('AQ', 'IT', 'L\'Aquila'),
('AQ', 'JO', 'Aqaba'),
('AR', 'AM', 'Ararat Province'),
('AR', 'CH', 'Appenzell Ausserrhoden'),
('AR', 'CL', 'La Araucanía'),
('AR', 'DJ', 'Arta Region'),
('AR', 'HT', 'Artibonite'),
('AR', 'IN', 'Arunachal Pradesh'),
('AR', 'IQ', 'Erbil'),
('AR', 'PR', 'Arecibo'),
('AR', 'RO', 'Arad County'),
('AR', 'US', 'Arkansas'),
('AR', 'UY', 'Artigas Department'),
('ARA', 'CO', 'Arauca'),
('ARA', 'FR', 'Auvergne-Rhône-Alpes'),
('ARD', 'GB', 'Ards'),
('ARE', 'PE', 'Arequipa'),
('ARI', 'TT', 'Arima'),
('ARK', 'RU', 'Arkhangelsk'),
('ARM', 'GB', 'Armagh City and District Council'),
('AS', 'DJ', 'Ali Sabieh Region'),
('AS', 'IN', 'Assam'),
('AS', 'LB', 'North'),
('AS', 'NI', 'South Caribbean Coast'),
('AS', 'US', 'American Samoa'),
('ASN', 'EG', 'Aswan'),
('AST', 'AZ', 'Astara District'),
('AST', 'EG', 'Asyut'),
('AST', 'KZ', 'Nur-Sultan'),
('AST', 'RU', 'Astrakhan Oblast'),
('ASZ', 'MA', 'Assa-Zag (EH-partial)'),
('AT', 'CL', 'Atacama'),
('AT', 'HN', 'Atlántida Department'),
('AT', 'IT', 'Asti'),
('AT', 'JO', 'Tafilah'),
('AT', 'LA', 'Attapeu Province'),
('AT', 'WS', 'Atua'),
('ATL', 'CO', 'Atlántico'),
('ATY', 'KZ', 'Atyrau Region'),
('AUK', 'NZ', 'Auckland Region'),
('AUR', 'PH', 'Aurora'),
('AV', 'AM', 'Armavir Region'),
('AV', 'ES', 'Ávila'),
('AV', 'GT', 'Alta Verapaz Department'),
('AV', 'IT', 'Avellino'),
('AW', 'SO', 'Awdal Region'),
('AYA', 'PE', 'Ayacucho'),
('AZ', 'AE', 'Abu Dhabi Emirate'),
('AZ', 'JO', 'Zarqa'),
('AZ', 'US', 'Arizona'),
('AZI', 'MA', 'Azilal'),
('B', 'AR', 'Buenos Aires'),
('B', 'BD', 'Chittagong Division'),
('B', 'BO', 'Beni Department'),
('B', 'CV', 'Barlavento Islands'),
('B', 'EC', 'Bolívar'),
('B', 'ES', 'Barcelona'),
('B', 'GM', 'Banjul'),
('B', 'GN', 'Boké Region'),
('B', 'GR', 'Central Macedonia'),
('B', 'KG', 'Batken Region'),
('B', 'LS', 'Butha-Buthe District'),
('B', 'MZ', 'Manica Province'),
('B', 'RO', 'Bucharest'),
('B', 'TM', 'Balkan Region'),
('B', 'VE', 'Anzoátegui'),
('BA', 'AZ', 'Baku'),
('BA', 'BR', 'Bahia'),
('BA', 'EG', 'Red Sea'),
('BA', 'ES', 'Badajoz'),
('BA', 'GW', 'Bafatá'),
('BA', 'GY', 'Barima-Waini'),
('BA', 'HU', 'Baranya'),
('BA', 'ID', 'Bali'),
('BA', 'IQ', 'Basra'),
('BA', 'IT', 'Bari'),
('BA', 'JO', 'Balqa'),
('BA', 'LB', 'Beirut'),
('BA', 'LY', 'Benghazi'),
('BA', 'MD', 'B?l?i Municipality'),
('BA', 'MW', 'Balaka District'),
('BA', 'NG', 'Bauchi'),
('BA', 'NP', 'Bagmati Zone'),
('BA', 'OM', 'Al Batinah Region'),
('BA', 'PK', 'Balochistan'),
('BA', 'RU', 'Republic of Bashkortostan'),
('BA', 'TD', 'Batha'),
('BA', 'TL', 'Baucau Municipality'),
('BA', 'YE', 'Al Bayda\''),
('BAB', 'AZ', 'Babek District'),
('BAL', 'AF', 'Balkh'),
('BAL', 'AZ', 'Balakan District'),
('BAL', 'BF', 'Balé Province'),
('BAM', 'AF', 'Bamyan'),
('BAM', 'BF', 'Bam Province'),
('BAN', 'BF', 'Banwa Province'),
('BAN', 'PH', 'Bataan'),
('BAR', 'AZ', 'Barda District'),
('BAS', 'GB', 'Bath and North East Somerset'),
('BAS', 'PH', 'Basilan'),
('BAY', 'KZ', 'Baikonur'),
('BAZ', 'BF', 'Bazèga Province'),
('BB', 'BI', 'Bubanza Province'),
('BB', 'CF', 'Bamingui-Bangoran Prefecture'),
('BB', 'DE', 'Brandenburg'),
('BB', 'ID', 'Kepulauan Bangka Belitung'),
('BB', 'IQ', 'Babylon'),
('BBD', 'GB', 'Blackburn with Darwen'),
('BC', 'CA', 'British Columbia'),
('BC', 'CD', 'Kongo Central'),
('BC', 'HU', 'Békéscsaba'),
('BC', 'RO', 'Bac?u County'),
('BC', 'SK', 'Banská Bystrica Region'),
('BCN', 'MX', 'Baja California'),
('BCS', 'MX', 'Baja California Sur'),
('BD', 'MD', 'Bender Municipality'),
('BD', 'SE', 'Norrbotten County'),
('BDF', 'GB', 'Bedford'),
('BDG', 'AF', 'Badghis'),
('BDG', 'GB', 'London Borough of Barking and Dagenham'),
('BDS', 'AF', 'Badakhshan'),
('BE', 'BN', 'Belait District'),
('BE', 'CH', 'Bern'),
('BE', 'DE', 'Berlin'),
('BE', 'ET', 'Benishangul-Gumuz Region'),
('BE', 'GH', 'Bono East'),
('BE', 'GN', 'Beyla Prefecture'),
('BE', 'HU', 'Békés'),
('BE', 'ID', 'Bengkulu'),
('BE', 'NG', 'Benue'),
('BEL', 'RU', 'Belgorod Oblast'),
('BEM', 'MA', 'Béni Mellal'),
('BEN', 'GB', 'London Borough of Brent'),
('BEN', 'PH', 'Benguet'),
('BER', 'MA', 'Berkane'),
('BES', 'MA', 'Benslimane'),
('BEX', 'GB', 'London Borough of Bexley'),
('BEY', 'AZ', 'Beylagan District'),
('BF', 'GN', 'Boffa Prefecture'),
('BFC', 'FR', 'Bourgogne-Franche-Comté'),
('BFS', 'GB', 'Belfast district'),
('BG', 'IQ', 'Baghdad'),
('BG', 'IT', 'Bergamo'),
('BG', 'LR', 'Bong County'),
('BG', 'TD', 'Bahr el Gazel'),
('BGE', 'GB', 'Bridgend County Borough'),
('BGF', 'CF', 'Bangui'),
('BGL', 'AF', 'Baghlan'),
('BGO', 'AO', 'Bengo Province'),
('BGR', 'BF', 'Bougouriba Province'),
('BGU', 'AO', 'Benguela Province'),
('BGW', 'GB', 'Blaenau Gwent County Borough'),
('BH', 'EG', 'Beheira'),
('BH', 'LB', 'Baalbek-Hermel'),
('BH', 'NP', 'Bheri Zone'),
('BH', 'RO', 'Bihor County'),
('BI', 'BS', 'Bimini'),
('BI', 'CL', 'Biobío'),
('BI', 'ES', 'Bizkaia'),
('BI', 'IT', 'Biella'),
('BI', 'LB', 'Beqaa'),
('BIE', 'AO', 'Bié Province'),
('BIH', 'BA', 'Federation of Bosnia and Herzegovina'),
('BIL', 'AZ', 'Bilasuvar District'),
('BIL', 'PH', 'Biliran'),
('BIR', 'GB', 'Birmingham'),
('BJ', 'CN', 'Beijing'),
('BJ', 'OM', 'Al Batinah South'),
('BK', 'CF', 'Basse-Kotto Prefecture'),
('BK', 'GN', 'Boké Prefecture'),
('BK', 'HU', 'Bács-Kiskun'),
('BK', 'LA', 'Bokeo Province'),
('BK', 'SO', 'Bakool'),
('BKM', 'GB', 'Buckinghamshire'),
('BKO', 'ML', 'Bamako'),
('BL', 'BI', 'Bujumbura Rural Province'),
('BL', 'CH', 'Basel-Land'),
('BL', 'FR', 'Saint-Barthélemy'),
('BL', 'GW', 'Bolama Region'),
('BL', 'IT', 'Belluno'),
('BL', 'LA', 'Bolikhamsai Province'),
('BL', 'MU', 'Rivière Noire District'),
('BL', 'MW', 'Blantyre District'),
('BL', 'SK', 'Bratislava Region'),
('BLA', 'GB', 'Ballymena Borough'),
('BLG', 'BF', 'Boulgou'),
('BLY', 'GB', 'Ballymoney'),
('BM', 'BI', 'Bujumbura Mairie Province'),
('BM', 'BN', 'Brunei-Muara District'),
('BM', 'GW', 'Biombo Region'),
('BM', 'LR', 'Bomi County'),
('BMH', 'GB', 'Bournemouth'),
('BN', 'GQ', 'Bioko Norte Province'),
('BN', 'IT', 'Benevento'),
('BN', 'RO', 'Bistri?a-N?s?ud County'),
('BN', 'SO', 'Banaadir'),
('BN', 'SS', 'Northern Bahr el Ghazal'),
('BNB', 'GB', 'Banbridge'),
('BNE', 'GB', 'London Borough of Barnet'),
('BNH', 'GB', 'Brighton and Hove'),
('BNS', 'EG', 'Beni Suef'),
('BNS', 'GB', 'Barnsley'),
('BO', 'BJ', 'Borgou Department'),
('BO', 'GH', 'Bono'),
('BO', 'IT', 'Bologna'),
('BO', 'NG', 'Borno'),
('BO', 'NI', 'Boaco'),
('BO', 'TD', 'Borkou'),
('BO', 'TL', 'Bobonaro Municipality'),
('BOD', 'MA', 'Boujdour (EH)'),
('BOH', 'PH', 'Bohol'),
('BOL', 'CO', 'Bolívar'),
('BOL', 'GB', 'Bolton'),
('BOM', 'MA', 'Boulemane'),
('BOP', 'NZ', 'Bay of Plenty Region'),
('BOY', 'CO', 'Boyacá'),
('BP', 'BS', 'Black Point'),
('BPL', 'GB', 'Blackpool'),
('BQ1', 'BQ', 'Bonaire'),
('BQ1', 'NL', 'Bonaire'),
('BQ2', 'BQ', 'Saba'),
('BQ2', 'NL', 'Saba'),
('BQ3', 'BQ', 'Sint Eustatius'),
('BQ3', 'NL', 'Sint Eustatius'),
('BR', 'AL', 'Berat District'),
('BR', 'BI', 'Bururi Province'),
('BR', 'BY', 'Brest Region'),
('BR', 'CV', 'Brava'),
('BR', 'IN', 'Bihar'),
('BR', 'IT', 'Brindisi'),
('BR', 'MD', 'Briceni District'),
('BR', 'MU', 'Beau Bassin-Rose Hill'),
('BR', 'RO', 'Braila'),
('BR', 'SO', 'Bari'),
('BR', 'SR', 'Brokopondo District'),
('BRC', 'BA', 'Br?ko District'),
('BRC', 'GB', 'Bracknell Forest'),
('BRD', 'GB', 'Bradford'),
('BRE', 'FR', 'Bretagne'),
('BRR', 'MA', 'Berrechid'),
('BRU', 'BE', 'Brussels-Capital Region'),
('BRY', 'GB', 'London Borough of Bromley'),
('BRY', 'RU', 'Bryansk Oblast'),
('BS', 'CH', 'Basel-Stadt'),
('BS', 'CI', 'Bas-Sassandra District'),
('BS', 'GQ', 'Bioko Sur Province'),
('BS', 'IT', 'Brescia'),
('BS', 'MD', 'Basarabeasca District'),
('BS', 'OM', 'Al Batinah North'),
('BST', 'GB', 'City of Bristol'),
('BT', 'ID', 'Banten'),
('BT', 'IT', 'Barletta-Andria-Trani'),
('BT', 'RO', 'Boto?ani County'),
('BTG', 'PH', 'Batangas'),
('BTN', 'PH', 'Batanes'),
('BU', 'AL', 'Bulqizë District'),
('BU', 'CD', 'Bas-Uélé'),
('BU', 'ES', 'Burgos'),
('BU', 'HU', 'Budapest'),
('BU', 'OM', 'Al Buraimi'),
('BU', 'RU', 'Republic of Buryatia'),
('BU', 'UZ', 'Bukhara Region'),
('BU', 'ZW', 'Bulawayo Province'),
('BUK', 'PH', 'Bukidnon'),
('BUL', 'PH', 'Bulacan'),
('BUR', 'GB', 'Bury'),
('BV', 'CV', 'Boa Vista'),
('BV', 'GT', 'Baja Verapaz Department'),
('BV', 'RO', 'Bra?ov County'),
('BW', 'DE', 'Baden-Württemberg'),
('BW', 'SS', 'Western Bahr el Ghazal'),
('BY', 'BS', 'Berry Islands'),
('BY', 'DE', 'Bavaria'),
('BY', 'NG', 'Bayelsa'),
('BY', 'PR', 'Bayamon'),
('BY', 'SO', 'Bay'),
('BZ', 'BZ', 'Belize District'),
('BZ', 'HU', 'Borsod-Abaúj-Zemplén'),
('BZ', 'IT', 'South Tyrol'),
('BZ', 'RO', 'Buz?u County'),
('BZV', 'CG', 'Brazzaville'),
('C', 'AR', 'Ciudad Autónoma de Buenos Aires'),
('C', 'BD', 'Dhaka Division'),
('C', 'BO', 'Cochabamba Department'),
('C', 'CR', 'Provincia de Cartago'),
('C', 'EC', 'Carchi'),
('C', 'EG', 'Cairo'),
('C', 'ES', 'A Coruña'),
('C', 'FJ', 'Central Division'),
('C', 'GN', 'Conakry'),
('C', 'GQ', 'Río Muni'),
('C', 'GR', 'West Macedonia Region'),
('C', 'IE', 'Connacht'),
('C', 'KG', 'Chuy Region'),
('C', 'LS', 'Leribe District'),
('C', 'MW', 'Central Region'),
('C', 'SE', 'Uppsala County'),
('C', 'TG', 'Centrale Region'),
('C', 'UG', 'Central Region'),
('C', 'VE', 'Apure'),
('CA', 'BI', 'Cankuzo Province'),
('CA', 'CV', 'Santa Catarina'),
('CA', 'ES', 'Cádiz'),
('CA', 'GW', 'Cacheu Region'),
('CA', 'IT', 'Cagliari'),
('CA', 'LU', 'Canton of Capellen'),
('CA', 'MD', 'Cahul District'),
('CA', 'NA', 'Zambezi Region'),
('CA', 'NI', 'Carazo'),
('CA', 'SV', 'Cabañas Department'),
('CA', 'US', 'California'),
('CA', 'UY', 'Canelones Department'),
('CAB', 'AO', 'Cabinda Province'),
('CAB', 'AZ', 'Jabrayil District'),
('CAG', 'PH', 'Cagayan'),
('CAJ', 'PE', 'Cajamarca'),
('CAL', 'AZ', 'Jalilabad District'),
('CAL', 'CO', 'Caldas'),
('CAL', 'PE', 'Callao'),
('CAM', 'GB', 'Cambridgeshire'),
('CAM', 'MX', 'Campeche'),
('CAM', 'PH', 'Camiguin'),
('CAN', 'NZ', 'Canterbury Region'),
('CAN', 'PH', 'Camarines Norte'),
('CAP', 'PH', 'Capiz'),
('CAQ', 'CO', 'Caquetá'),
('CAS', 'CO', 'Casanare'),
('CAS', 'MA', 'Casablanca'),
('CAS', 'PH', 'Camarines Sur'),
('CAT', 'PH', 'Catanduanes'),
('CAU', 'CO', 'Cauca'),
('CAV', 'PH', 'Cavite'),
('CAY', 'GB', 'Caerphilly County Borough'),
('CB', 'IT', 'Campobasso'),
('CB', 'TD', 'Chari-Baguirmi'),
('CBF', 'GB', 'Central Bedfordshire'),
('CC', 'ES', 'Caceres'),
('CC', 'MU', 'Cargados Carajos'),
('CCG', 'GB', 'Causeway Coast and Glens'),
('CCU', 'AO', 'Cuando Cubango Province'),
('CDMX', 'MX', 'Ciudad de México'),
('CE', 'BR', 'Ceará'),
('CE', 'BS', 'Central Eleuthera'),
('CE', 'BW', 'Central District'),
('CE', 'CM', 'Centre'),
('CE', 'HT', 'Centre'),
('CE', 'IE', 'Clare'),
('CE', 'IT', 'Caserta'),
('CE', 'MV', 'Central Province'),
('CE', 'RU', 'Chechen Republic'),
('CE', 'SB', 'Central Province'),
('CEB', 'PH', 'Cebu'),
('CES', 'CO', 'Cesar'),
('CF', 'CV', 'Santa Catarina do Fogo'),
('CG', 'PR', 'Caguas'),
('CGN', 'GB', 'Ceredigion'),
('CGV', 'GB', 'Craigavon Borough Council'),
('CH', 'HN', 'Choluteca Department'),
('CH', 'IN', 'Chandigarh'),
('CH', 'IT', 'Chieti'),
('CH', 'LA', 'Champasak Province'),
('CH', 'SB', 'Choiseul Province'),
('CH', 'SV', 'Chalatenango Department'),
('CHA', 'TT', 'Chaguanas'),
('CHA', 'TW', 'Changhua'),
('CHE', 'GB', 'Cheshire East'),
('CHE', 'MA', 'Chefchaouen'),
('CHE', 'RU', 'Chelyabinsk Oblast'),
('CHH', 'MX', 'Chihuahua'),
('CHI', 'MA', 'Chichaoua'),
('CHO', 'CO', 'Chocó'),
('CHP', 'MX', 'Chiapas'),
('CHT', 'MA', 'Chtouka-Ait Baha'),
('CHU', 'RU', 'Chukotka Autonomous Okrug'),
('CHW', 'GB', 'Cheshire West and Chester'),
('CI', 'BI', 'Cibitoke Province'),
('CI', 'BS', 'Cat Island'),
('CI', 'NI', 'Chinandega'),
('CIT', 'NZ', 'Chatham Islands'),
('CJ', 'RO', 'Cluj County'),
('CK', 'BS', 'Crooked Island'),
('CK', 'MW', 'Chikwawa District'),
('CKF', 'GB', 'Carrickfergus Borough Council'),
('CKT', 'GB', 'Cookstown District Council'),
('CL', 'HN', 'Colón Department'),
('CL', 'IT', 'Caltanissetta'),
('CL', 'LU', 'Canton of Clervaux'),
('CL', 'MC', 'La Colle'),
('CL', 'MD', 'C?l?ra?i District'),
('CL', 'PR', 'Carolina'),
('CL', 'RO', 'C?l?ra?i County'),
('CL', 'UY', 'Cerro Largo Department'),
('CLD', 'GB', 'Calderdale'),
('CLK', 'GB', 'Clackmannanshire'),
('CLR', 'GB', 'Coleraine Borough Council'),
('CM', 'CI', 'Comoé District'),
('CM', 'GT', 'Chimaltenango Department'),
('CM', 'HN', 'Comayagua Department'),
('CM', 'LR', 'Grand Cape Mount County'),
('CM', 'MD', 'Cimi?lia District'),
('CM', 'SR', 'Commewijne District'),
('CMA', 'GB', 'Cumbria'),
('CMD', 'GB', 'London Borough of Camden'),
('CMN', 'GB', 'Carmarthenshire'),
('CN', 'IE', 'Cavan'),
('CN', 'IT', 'Cuneo'),
('CNN', 'AO', 'Cunene Province'),
('CNO', 'AO', 'Cuanza Norte Province'),
('CO', 'BJ', 'Collines Department'),
('CO', 'BS', 'Central Abaco'),
('CO', 'CL', 'Coquimbo'),
('CO', 'ES', 'Córdoba'),
('CO', 'GN', 'Coyah Prefecture'),
('CO', 'IE', 'Cork'),
('CO', 'IT', 'Como'),
('CO', 'MC', 'La Condamine'),
('CO', 'NI', 'Chontales'),
('CO', 'TL', 'Cova Lima Municipality'),
('CO', 'US', 'Colorado'),
('CO', 'UY', 'Colonia Department'),
('COA', 'MX', 'Coahuila de Zaragoza'),
('COL', 'MX', 'Colima'),
('COM', 'BF', 'Comoé Province'),
('COM', 'PH', 'Compostela Valley'),
('CON', 'GB', 'Cornwall'),
('COR', 'CO', 'Córdoba'),
('COV', 'GB', 'Coventry'),
('CP', 'FR', 'Clipperton'),
('CP', 'GH', 'Central'),
('CP', 'HN', 'Copán Department'),
('CPK', 'PG', 'Chimbu Province'),
('CPM', 'PG', 'Central Province'),
('CQ', 'CN', 'Chongqing'),
('CQ', 'GT', 'Chiquimula Department'),
('CR', 'CV', 'Santa Cruz'),
('CR', 'ES', 'Ciudad Real'),
('CR', 'HN', 'Cortés Department'),
('CR', 'IT', 'Cremona'),
('CR', 'MD', 'Criuleni District'),
('CR', 'MW', 'Chiradzulu District'),
('CR', 'NG', 'Cross River'),
('CR', 'SR', 'Coronie District'),
('CRF', 'GB', 'City and County of Cardiff'),
('CRY', 'GB', 'London Borough of Croydon'),
('CS', 'BS', 'Central Andros'),
('CS', 'ES', 'Castellón'),
('CS', 'GQ', 'Centro Sur Province'),
('CS', 'HU', 'Csongrád County'),
('CS', 'IT', 'Cosenza'),
('CS', 'MD', 'C?u?eni District'),
('CS', 'RO', 'Cara?-Severin County'),
('CSR', 'GB', 'Castlereagh'),
('CT', 'IN', 'Chhattisgarh'),
('CT', 'IT', 'Catania'),
('CT', 'MD', 'Cantemir District'),
('CT', 'MW', 'Chitipa district'),
('CT', 'RO', 'Constan?a County'),
('CT', 'SB', 'Honiara'),
('CT', 'US', 'Connecticut'),
('CT', 'VN', 'C?n Th?'),
('CTT', 'TT', 'Couva-Tabaquite-Talparo Regional Corporation'),
('CU', 'ES', 'Cuenca'),
('CU', 'GY', 'Cuyuni-Mazaruni'),
('CU', 'MD', 'Chi?in?u Municipality'),
('CU', 'MU', 'Curepipe'),
('CU', 'RU', 'Chuvash Republic'),
('CU', 'SV', 'Cuscatlán Department'),
('CUL', 'AZ', 'Julfa District'),
('CUN', 'CO', 'Cundinamarca'),
('CUS', 'AO', 'Cuanza Sul'),
('CUS', 'PE', 'Cusco'),
('CV', 'RO', 'Covasna County'),
('CVL', 'FR', 'Centre-Val de Loire'),
('CW', 'IE', 'Carlow'),
('CWY', 'GB', 'Conwy County Borough'),
('CY', 'BZ', 'Cayo District'),
('CYI', 'TW', 'Chiayi'),
('CYQ', 'TW', 'Chiayi'),
('CZ', 'IT', 'Catanzaro'),
('CZL', 'BZ', 'Corozal District'),
('D', 'AR', 'San Luis'),
('D', 'BD', 'Khulna Division'),
('D', 'EC', 'Orellana'),
('D', 'GN', 'Kindia Region'),
('D', 'GR', 'Epirus Region'),
('D', 'IE', 'Dublin'),
('D', 'IL', 'Southern District'),
('D', 'LS', 'Berea District'),
('D', 'LU', 'Diekirch District'),
('D', 'MG', 'Antsiranana Province'),
('D', 'SE', 'Södermanland County'),
('D', 'TM', 'Da?oguz Region'),
('D', 'VE', 'Aragua'),
('DA', 'IQ', 'Dohuk'),
('DA', 'OM', 'Ad Dakhiliyah'),
('DA', 'QA', 'Doha'),
('DA', 'RU', 'Republic of Dagestan'),
('DAL', 'GB', 'Darlington'),
('DAO', 'PH', 'Davao Oriental'),
('DAS', 'AZ', 'Dashkasan District'),
('DAS', 'PH', 'Davao del Sur'),
('DAV', 'PH', 'Davao del Norte'),
('DAY', 'AF', 'Daykundi'),
('DB', 'GN', 'Dabola Prefecture'),
('DB', 'RO', 'Dâmbovi?a County'),
('DB', 'SN', 'Diourbel Region'),
('DBY', 'GB', 'Derbyshire'),
('DC', 'CO', 'Bogotá D.C.'),
('DC', 'SD', 'Central Darfur'),
('DC', 'US', 'District of Columbia'),
('DD', 'ET', 'Dire Dawa'),
('DE', 'GY', 'Demerara-Mahaica'),
('DE', 'HU', 'Debrecen'),
('DE', 'MW', 'Dedza District'),
('DE', 'NG', 'Delta'),
('DE', 'SD', 'East Darfur'),
('DE', 'US', 'Delaware'),
('DEN', 'GB', 'Denbighshire'),
('DER', 'GB', 'City of Derby'),
('DEV', 'BM', 'Devonshire Parish'),
('DEV', 'GB', 'Devon'),
('DF', 'BR', 'Distrito Federal'),
('DGN', 'GB', 'Dungannon and South Tyrone Borough Council'),
('DGV', 'LV', 'Daugavpils'),
('DGY', 'GB', 'Dumfries and Galloway'),
('DH', 'IN', 'Dadra and Nagar Haveli and Daman and Diu'),
('DH', 'NP', 'Dhaulagiri Zone'),
('DH', 'YE', 'Dhamar'),
('DI', 'AL', 'Dibër District'),
('DI', 'DJ', 'Dikhil Region'),
('DI', 'GN', 'Dinguiraye Prefecture'),
('DI', 'IQ', 'Diyala'),
('DI', 'LU', 'Canton of Diekirch'),
('DI', 'SY', 'Damascus'),
('DI', 'TL', 'Dili municipality'),
('DIN', 'PH', 'Dinagat Islands'),
('DJ', 'DJ', 'Djibouti'),
('DJ', 'RO', 'Dolj County'),
('DK', 'EG', 'Dakahlia'),
('DK', 'ER', 'Southern Red Sea Region'),
('DK', 'SN', 'Dakar'),
('DL', 'AL', 'Delvinë District'),
('DL', 'GN', 'Dalaba Prefecture'),
('DL', 'IE', 'Donegal'),
('DL', 'IN', 'Delhi'),
('DMN', 'TT', 'Diego Martin Regional Corporation'),
('DN', 'CI', 'Denguélé District'),
('DN', 'SD', 'North Darfur'),
('DN', 'VN', '?à N?ng'),
('DNC', 'GB', 'Doncaster'),
('DND', 'GB', 'Dundee'),
('DO', 'BJ', 'Donga Department'),
('DO', 'MD', 'Dondu?eni District'),
('DO', 'MW', 'Dowa District'),
('DOR', 'GB', 'Dorset'),
('DOW', 'GB', 'Down District Council'),
('DQ', 'IQ', 'Dhi Qar'),
('DR', 'AL', 'Durrës District'),
('DR', 'LY', 'Derna District'),
('DR', 'MD', 'Drochia District'),
('DR', 'NL', 'Drenthe'),
('DR', 'SY', 'Daraa'),
('DRI', 'MA', 'Driouch'),
('DRS', 'GB', 'Derry City and Strabane'),
('DRY', 'GB', 'Derry City Council'),
('DS', 'PL', 'Lower Silesian Voivodeship'),
('DS', 'SD', 'South Darfur'),
('DT', 'EG', 'Damietta'),
('DU', 'AE', 'Dubai'),
('DU', 'ER', 'Debub Region'),
('DU', 'GN', 'Dubréka Prefecture'),
('DU', 'HU', 'Dunaújváros'),
('DU', 'MD', 'Dub?sari District'),
('DU', 'UY', 'Durazno Department'),
('DUD', 'GB', 'Dudley'),
('DUR', 'GB', 'County Durham'),
('DUR', 'MX', 'Durango'),
('DV', 'AL', 'Devoll District'),
('DVO', 'PH', 'Davao Occidental'),
('DW', 'SD', 'West Darfur'),
('DY', 'SY', 'Deir ez-Zor'),
('E', 'AR', 'Entre Ríos'),
('E', 'BD', 'Rajshahi Division'),
('E', 'EC', 'Esmeraldas'),
('E', 'FJ', 'Eastern Division'),
('E', 'LS', 'Mafeteng District'),
('E', 'SE', 'Östergötland County'),
('E', 'SL', 'Eastern Province'),
('E', 'UG', 'Eastern Region'),
('E', 'VE', 'Barinas'),
('EAL', 'GB', 'London Borough of Ealing'),
('EAS', 'PH', 'Eastern Samar'),
('EAY', 'GB', 'East Ayrshire'),
('EB', 'GY', 'East Berbice-Corentyne'),
('EB', 'NG', 'Ebonyi'),
('EBR', 'PG', 'East New Britain'),
('EC', 'LU', 'Canton of Echternach'),
('EC', 'SS', 'Central Equatoria'),
('EC', 'ZA', 'Eastern Cape'),
('ED', 'MD', 'Edine? District'),
('ED', 'NG', 'Edo'),
('EDH', 'GB', 'Edinburgh'),
('EDU', 'GB', 'East Dunbartonshire'),
('EE', 'SS', 'Eastern Equatoria'),
('EE', 'TD', 'Ennedi-Est'),
('EG', 'BS', 'East Grand Bahama'),
('EG', 'HU', 'Eger'),
('EHG', 'PG', 'Eastern Highlands Province'),
('EK', 'NG', 'Ekiti'),
('ELN', 'GB', 'East Lothian'),
('ELS', 'GB', 'Outer Hebrides'),
('EM', 'PA', 'Emberá-Wounaan Comarca'),
('EN', 'CM', 'Far North'),
('EN', 'IT', 'Enna'),
('EN', 'NG', 'Enugu'),
('ENF', 'GB', 'London Borough of Enfield'),
('ENG', 'GB', 'England'),
('EO', 'TD', 'Ennedi-Ouest'),
('EP', 'GH', 'Eastern'),
('EP', 'HN', 'El Paraíso Department'),
('EPW', 'PG', 'Enga Province'),
('EQ', 'CD', 'Équateur'),
('ER', 'AL', 'Kolonjë District'),
('ER', 'AM', 'Yerevan'),
('ER', 'HU', 'Érd'),
('ER', 'NA', 'Erongo Region'),
('ER', 'TL', 'Ermera District'),
('ERR', 'MA', 'Errachidia'),
('ERW', 'GB', 'East Renfrewshire'),
('ERY', 'GB', 'East Riding of Yorkshire'),
('ES', 'BR', 'Espírito Santo'),
('ES', 'CM', 'East'),
('ES', 'GT', 'Escuintla Department'),
('ES', 'GY', 'Essequibo Islands-West Demerara'),
('ES', 'LU', 'Canton of Esch-sur-Alzette'),
('ES', 'NI', 'Estelí'),
('ESI', 'MA', 'Essaouira'),
('ESM', 'MA', 'Es-Semara (EH-partial)'),
('ESS', 'GB', 'Essex'),
('ESX', 'GB', 'East Sussex'),
('ETO', 'TT', 'Eastern Tobago'),
('EW', 'SS', 'Western Equatoria'),
('EX', 'BS', 'Exuma'),
('F', 'AR', 'La Rioja'),
('F', 'BD', 'Rangpur Division'),
('F', 'EC', 'Cañar'),
('F', 'GR', 'Ionian Islands Region'),
('F', 'LS', 'Mohale\'s Hoek District'),
('F', 'MG', 'Fianarantsoa Province'),
('F', 'SE', 'Jönköping County'),
('F', 'VE', 'Bolívar'),
('FA', 'GN', 'Faranah Prefecture'),
('FA', 'KW', 'Al Farwaniyah'),
('FA', 'MD', 'F?le?ti District'),
('FA', 'UZ', 'Fergana Region'),
('FA', 'WS', 'Fa\'asaleleaga'),
('FAH', 'MA', 'Fahs-Anjra'),
('FAL', 'GB', 'Falkirk'),
('FC', 'BS', 'Fresh Creek'),
('FC', 'IT', 'Forlì-Cesena'),
('FC', 'NG', 'Abuja Federal Capital Territory'),
('FD', 'UY', 'Florida Department'),
('FE', 'HU', 'Fejér County'),
('FE', 'IT', 'Ferrara'),
('FER', 'GB', 'Fermanagh District Council'),
('FES', 'MA', 'Fès'),
('FG', 'IT', 'Foggia'),
('FI', 'IT', 'Florence'),
('FIF', 'GB', 'Fife'),
('FIG', 'MA', 'Figuig'),
('FJ', 'CN', 'Fujian'),
('FK', 'SN', 'Fatick'),
('FL', 'MD', 'Flore?ti District'),
('FL', 'MU', 'Flacq District'),
('FL', 'NL', 'Flevoland'),
('FL', 'US', 'Florida'),
('FLN', 'GB', 'Flintshire'),
('FM', 'HN', 'Francisco Morazán Department'),
('FM', 'IT', 'Fermo'),
('FMO', 'GB', 'Fermanagh and Omagh'),
('FO', 'GN', 'Forécariah Prefecture'),
('FP', 'BS', 'Freeport'),
('FQH', 'MA', 'Fquih Ben Salah'),
('FR', 'AL', 'Fier District'),
('FR', 'CH', 'Fribourg'),
('FR', 'GN', 'Fria Prefecture'),
('FR', 'IT', 'Frosinone'),
('FR', 'NL', 'Friesland'),
('FRA', 'AF', 'Farah'),
('FS', 'UY', 'Flores Department'),
('FS', 'ZA', 'Free State'),
('FU', 'AE', 'Fujairah'),
('FUN', 'TV', 'Funafuti'),
('FUZ', 'AZ', 'Fizuli District'),
('FYB', 'AF', 'Faryab'),
('FYM', 'EG', 'Faiyum'),
('G', 'AR', 'Santiago del Estero'),
('G', 'BD', 'Sylhet Division'),
('G', 'CR', 'Guanacaste Province'),
('G', 'EC', 'Guayas'),
('G', 'GR', 'West Greece Region'),
('G', 'IE', 'Galway'),
('G', 'KI', 'Gilbert Islands'),
('G', 'KM', 'Grande Comore'),
('G', 'LS', 'Quthing District'),
('G', 'LU', 'Grevenmacher District'),
('G', 'MZ', 'Gaza Province'),
('G', 'SE', 'Kronoberg County'),
('G', 'VE', 'Carabobo'),
('GA', 'AZ', 'Ganja'),
('GA', 'BT', 'Gasa District'),
('GA', 'ET', 'Gambela Region'),
('GA', 'GN', 'Gaoual Prefecture'),
('GA', 'GW', 'Gabú Region'),
('GA', 'HT', 'Grand\'Anse'),
('GA', 'IN', 'Goa'),
('GA', 'MD', 'Gagauzia'),
('GA', 'NP', 'Gandaki Zone'),
('GA', 'SO', 'Galguduud'),
('GA', 'US', 'Georgia'),
('GAD', 'AZ', 'G?d?b?y'),
('GAN', 'BF', 'Ganzourgou Province'),
('GAT', 'GB', 'Gateshead'),
('GB', 'ER', 'Gash-Barka Region'),
('GB', 'KG', 'Bishkek'),
('GB', 'LR', 'Grand Bassa County'),
('GB', 'PK', 'Gilgit-Baltistan'),
('GB', 'TJ', 'Gorno-Badakhshan Autonomous Province'),
('GC', 'BS', 'Grand Cay'),
('GC', 'ES', 'Las Palmas'),
('GD', 'CI', 'Gôh-Djiboua District'),
('GD', 'CN', 'Guangdong'),
('GD', 'HN', 'Gracias a Dios Department'),
('GD', 'SD', 'Al Qadarif'),
('GE', 'CH', 'Geneva'),
('GE', 'IT', 'Genoa'),
('GE', 'NL', 'Gelderland'),
('GE', 'SO', 'Gedo'),
('GE', 'WS', 'Gaga\'emauga'),
('GES', 'FR', 'Grand-Est'),
('GG', 'LR', 'Grand Gedeh County'),
('GH', 'BS', 'Governor\'s Harbour'),
('GH', 'BW', 'Ghanzi District'),
('GH', 'EG', 'Gharbia'),
('GHA', 'AF', 'Ghazni'),
('GHO', 'AF', 'Gh?r'),
('GI', 'BI', 'Gitega Province'),
('GI', 'ES', 'Girona'),
('GI', 'WS', 'Gaga\'ifomauga'),
('GIS', 'NZ', 'Gisborne District'),
('GJ', 'AL', 'Gjirokastër District'),
('GJ', 'IN', 'Gujarat'),
('GJ', 'RO', 'Gorj County'),
('GK', 'LR', 'Grand Kru County'),
('GK', 'SD', 'West Kordofan'),
('GL', 'CH', 'Glarus'),
('GL', 'MD', 'Glodeni District'),
('GL', 'RO', 'Gala?i County'),
('GLG', 'GB', 'Glasgow'),
('GLS', 'GB', 'Gloucestershire'),
('GN', 'PR', 'Guaynabo'),
('GNA', 'BF', 'Gnagna Province'),
('GO', 'BR', 'Goiás'),
('GO', 'ID', 'Gorontalo'),
('GO', 'IT', 'Gorizia'),
('GO', 'KG', 'Osh'),
('GO', 'NG', 'Gombe'),
('GOR', 'AZ', 'Goranboy District'),
('GOU', 'BF', 'Gourma Province'),
('GOY', 'AZ', 'Goychay'),
('GP', 'LR', 'Gbarpolu County'),
('GP', 'MU', 'Grand Port District'),
('GP', 'ZA', 'Gauteng'),
('GPK', 'PG', 'Gulf'),
('GR', 'AL', 'Gramsh District'),
('GR', 'AM', 'Gegharkunik Province'),
('GR', 'CH', 'Graubünden'),
('GR', 'ES', 'Granada'),
('GR', 'IT', 'Grosseto'),
('GR', 'LU', 'Canton of Grevenmacher'),
('GR', 'NI', 'Granada'),
('GR', 'NL', 'Groningen'),
('GR', 'RO', 'Giurgiu County'),
('GR', 'TD', 'Guéra'),
('GRE', 'GB', 'Royal Borough of Greenwich'),
('GRO', 'MX', 'Guerrero'),
('GS', 'CN', 'Gansu'),
('GS', 'HU', 'Gy?r-Moson-Sopron County'),
('GT', 'BS', 'Green Turtle Cay'),
('GT', 'LY', 'Ghat District'),
('GU', 'ES', 'Guadalajara'),
('GU', 'GE', 'Guria'),
('GU', 'GN', 'Guéckédou Prefecture'),
('GU', 'GT', 'Guatemala Department'),
('GU', 'SB', 'Guadalcanal Province'),
('GU', 'US', 'Guam'),
('GUA', 'CO', 'Guainía'),
('GUA', 'MX', 'Guanajuato'),
('GUE', 'MA', 'Guelmim'),
('GUF', 'MA', 'Guercif'),
('GUI', 'PH', 'Guimaras'),
('GUV', 'CO', 'Guaviare'),
('GWN', 'GB', 'Gwynedd'),
('GX', 'CN', 'Guangxi Zhuang'),
('GY', 'HU', 'Gy?r'),
('GYG', 'AZ', 'Goygol District'),
('GZ', 'CN', 'Guizhou'),
('GZ', 'EG', 'Giza'),
('GZ', 'SD', 'Al Jazirah'),
('H', 'AR', 'Chaco'),
('H', 'BD', 'Mymensingh Division'),
('H', 'BO', 'Chuquisaca Department'),
('H', 'CR', 'Heredia Province'),
('H', 'EC', 'Chimborazo'),
('H', 'ES', 'Huelva'),
('H', 'GR', 'Central Greece Region'),
('H', 'LS', 'Qacha\'s Nek District'),
('H', 'SE', 'Kalmar County'),
('H', 'VE', 'Cojedes'),
('HA', 'AL', 'Has District'),
('HA', 'BM', 'Hamilton Parish'),
('HA', 'CN', 'Henan'),
('HA', 'ET', 'Harari Region'),
('HA', 'IL', 'Haifa District'),
('HA', 'KW', 'Hawalli'),
('HA', 'NA', 'Hardap Region'),
('HA', 'SY', 'Al-Hasakah'),
('HA', 'ZW', 'Harare Province'),
('HAC', 'AZ', 'Hajigabul District'),
('HAJ', 'MA', 'El Hajeb'),
('HAL', 'GB', 'Halton'),
('HAM', 'GB', 'Hampshire'),
('HAO', 'MA', 'Al Haouz'),
('HAV', 'GB', 'London Borough of Havering'),
('HB', 'CN', 'Hubei'),
('HB', 'DE', 'Bremen'),
('HB', 'HU', 'Hajdú-Bihar County'),
('HCK', 'GB', 'London Borough of Hackney'),
('HCW', 'HK', 'Central and Western District'),
('HD', 'RO', 'Hunedoara County'),
('HD', 'YE', 'Hadhramaut'),
('HDF', 'FR', 'Hauts-de-France'),
('HE', 'CN', 'Hebei'),
('HE', 'DE', 'Hesse'),
('HE', 'HU', 'Heves County'),
('HEA', 'HK', 'Eastern'),
('HEF', 'GB', 'Herefordshire'),
('HEL', 'AF', 'Helmand'),
('HER', 'AF', 'Herat'),
('HH', 'DE', 'Hamburg'),
('HH', 'SZ', 'Hhohho District'),
('HI', 'BS', 'Harbour Island'),
('HI', 'CN', 'Hainan'),
('HI', 'MD', 'Hînce?ti District'),
('HI', 'SO', 'Hiran'),
('HI', 'SY', 'Homs'),
('HI', 'US', 'Hawaii'),
('HID', 'MX', 'Hidalgo'),
('HIL', 'GB', 'London Borough of Hillingdon'),
('HJ', 'YE', 'Hajjah'),
('HK', 'CD', 'Haut-Katanga'),
('HK', 'CF', 'Haute-Kotto Prefecture'),
('HK', 'CN', 'Hong Kong SAR'),
('HKB', 'NZ', 'Hawke\'s Bay Region'),
('HL', 'CD', 'Haut-Lomami'),
('HL', 'CN', 'Heilongjiang'),
('HL', 'SY', 'Aleppo'),
('HL', 'TD', 'Hadjer-Lamis'),
('HLA', 'PG', 'Hela'),
('HLD', 'GB', 'Highland'),
('HM', 'BY', 'Minsk'),
('HM', 'CF', 'Haut-Mbomou Prefecture'),
('HM', 'SY', 'Hama'),
('HMF', 'GB', 'London Borough of Hammersmith and Fulham'),
('HN', 'CN', 'Hunan'),
('HN', 'VN', 'Hà N?i'),
('HNS', 'GB', 'London Borough of Hounslow'),
('HO', 'BY', 'Gomel Region'),
('HO', 'LA', 'Houaphanh Province'),
('HOC', 'MA', 'Al Hoceïma'),
('HOU', 'BF', 'Houet Province'),
('HP', 'IN', 'Himachal Pradesh'),
('HP', 'VN', 'H?i Phòng'),
('HPL', 'GB', 'Hartlepool'),
('HR', 'BS', 'High Rock'),
('HR', 'BY', 'Grodno Region'),
('HR', 'IN', 'Haryana'),
('HR', 'RO', 'Harghita County'),
('HRT', 'GB', 'Hertfordshire'),
('HRW', 'GB', 'London Borough of Harrow'),
('HRY', 'GB', 'London Borough of Haringey'),
('HS', 'CF', 'Mambéré-Kadéï'),
('HSO', 'HK', 'Southern'),
('HSQ', 'TW', 'Hsinchu'),
('HSZ', 'TW', 'Hsinchu'),
('HT', 'BS', 'Hope Town'),
('HU', 'CD', 'Haut-Uélé'),
('HU', 'ES', 'Huesca'),
('HU', 'GT', 'Huehuetenango Department'),
('HU', 'YE', 'Al Hudaydah'),
('HUA', 'AO', 'Huambo Province'),
('HUA', 'TW', 'Hualien'),
('HUC', 'PE', 'Huanuco'),
('HUI', 'AO', 'Huíla Province'),
('HUI', 'CO', 'Huila'),
('HUV', 'PE', 'Huancavelica'),
('HV', 'HU', 'Hódmez?vásárhely'),
('HWC', 'HK', 'Wan Chai'),
('I', 'EC', 'Imbabura'),
('I', 'GQ', 'Insular Region'),
('I', 'GR', 'Attica Region'),
('I', 'MZ', 'Inhambane Province'),
('I', 'SE', 'Gotland County'),
('I', 'VE', 'Falcón'),
('IA', 'MD', 'Ialoveni District'),
('IA', 'US', 'Iowa'),
('IB', 'HN', 'Bay Islands Department'),
('IB', 'YE', 'Ibb'),
('ICA', 'PE', 'Ica'),
('ID', 'SY', 'Idlib'),
('ID', 'US', 'Idaho'),
('IDF', 'FR', 'Île-de-France'),
('IF', 'RO', 'Ilfov County'),
('IFR', 'MA', 'Ifrane'),
('IFU', 'PH', 'Ifugao'),
('IL', 'RO', 'Ialomi?a County'),
('IL', 'US', 'Illinois'),
('ILA', 'TW', 'Yilan'),
('ILI', 'PH', 'Iloilo'),
('ILN', 'PH', 'Ilocos Norte'),
('ILS', 'PH', 'Ilocos Sur'),
('IM', 'GE', 'Imereti'),
('IM', 'IT', 'Imperia'),
('IM', 'NG', 'Imo'),
('IMI', 'AZ', 'Imishli District'),
('IN', 'BS', 'Inagua'),
('IN', 'HN', 'Intibucá Department'),
('IN', 'RU', 'Republic of Ingushetia'),
('IN', 'US', 'Indiana'),
('INE', 'MA', 'Inezgane-Ait Melloul'),
('IOB', 'BF', 'Ioba Province'),
('IOS', 'GB', 'Isles of Scilly'),
('IOW', 'GB', 'Isle of Wight'),
('IR', 'JO', 'Irbid'),
('IRK', 'RU', 'Irkutsk'),
('IS', 'EG', 'Ismailia'),
('IS', 'IT', 'Isernia'),
('IS', 'PK', 'Islamabad Capital Territory'),
('IS', 'RO', 'Ia?i County'),
('IS', 'SB', 'Isabel Province'),
('ISA', 'PH', 'Isabela');
INSERT INTO `tbl_state` (`state_code`, `country_code`, `state_name`) VALUES
('ISL', 'GB', 'London Borough of Islington'),
('ISM', 'AZ', 'Ismailli District'),
('IT', 'CD', 'Ituri'),
('IVA', 'RU', 'Ivanovo Oblast'),
('IVC', 'GB', 'Inverclyde'),
('IZ', 'GT', 'Izabal Department'),
('J', 'AR', 'San Juan'),
('J', 'ES', 'Jaén'),
('J', 'GR', 'Peloponnese Region'),
('J', 'KG', 'Jalal-Abad Region'),
('J', 'LS', 'Mokhotlong District'),
('J', 'VE', 'Guárico'),
('JA', 'GT', 'Jalapa Department'),
('JA', 'ID', 'Jambi'),
('JA', 'JO', 'Jerash'),
('JA', 'KW', 'Al Jahra'),
('JA', 'LB', 'South'),
('JA', 'LY', 'Jabal al Akhdar'),
('JA', 'NP', 'Janakpur Zone'),
('JA', 'YE', 'Al Jawf'),
('JAL', 'MX', 'Jalisco'),
('JB', 'ID', 'Jawa Barat'),
('JD', 'SO', 'Middle Juba'),
('JDI', 'MA', 'El Jadida'),
('JEL', 'LV', 'Jelgava'),
('JG', 'LY', 'Jabal al Gharbi District'),
('JG', 'SS', 'Jonglei State'),
('JH', 'IN', 'Jharkhand'),
('JH', 'SO', 'Lower Juba'),
('JI', 'ID', 'Jawa Timur'),
('JI', 'LY', 'Jafara'),
('JI', 'NG', 'Jigawa'),
('JI', 'NI', 'Jinotega'),
('JI', 'UZ', 'Jizzakh Region'),
('JK', 'ID', 'DKI Jakarta'),
('JK', 'IN', 'Jammu and Kashmir'),
('JK', 'PK', 'Azad Kashmir'),
('JKB', 'LV', 'J?kabpils'),
('JL', 'CN', 'Jilin'),
('JL', 'LB', 'Mount Lebanon'),
('JM', 'IL', 'Jerusalem District'),
('JN', 'HU', 'Jász-Nagykun-Szolnok County'),
('JOW', 'AF', 'Jowzjan'),
('JRA', 'MA', 'Jerada'),
('JS', 'CN', 'Jiangsu'),
('JS', 'EG', 'South Sinai'),
('JT', 'ID', 'Jawa Tengah'),
('JU', 'CH', 'Jura'),
('JU', 'GT', 'Jutiapa Department'),
('JU', 'LY', 'Jufra'),
('JUN', 'PE', 'Junín'),
('JUR', 'LV', 'J?rmala'),
('JWK', 'PG', 'Jiwaka Province'),
('JX', 'CN', 'Jiangxi'),
('K', 'AR', 'Catamarca'),
('K', 'GN', 'Kankan Region'),
('K', 'KN', 'Saint Kitts'),
('K', 'LS', 'Thaba-Tseka District'),
('K', 'SE', 'Blekinge'),
('K', 'TG', 'Kara Region'),
('K', 'VE', 'Lara'),
('KA', 'AL', 'Kavajë District'),
('KA', 'GE', 'Kakheti'),
('KA', 'GN', 'Kankan Prefecture'),
('KA', 'IN', 'Karnataka'),
('KA', 'IQ', 'Karbala'),
('KA', 'JO', 'Karak'),
('KA', 'NA', 'Karas Region'),
('KA', 'NP', 'Karnali Zone'),
('KA', 'SD', 'Kassala'),
('KA', 'SN', 'Kaffrine'),
('KA', 'TD', 'Kanem'),
('KAB', 'AF', 'Kabul'),
('KAD', 'BF', 'Kadiogo Province'),
('KAL', 'AZ', 'Kalbajar District'),
('KAL', 'PH', 'Kalinga'),
('KAM', 'RU', 'Kamchatka Krai'),
('KAN', 'AF', 'Kandahar'),
('KAN', 'AZ', 'Kangarli District'),
('KAP', 'AF', 'Kapisa'),
('KAR', 'KZ', 'Karaganda Region'),
('KB', 'AL', 'Kurbin District'),
('KB', 'BS', 'Kemps Bay'),
('KB', 'CF', 'Nana-Grébizi Economic Prefecture'),
('KB', 'EG', 'Qalyubia'),
('KB', 'GN', 'Koubia Prefecture'),
('KB', 'ID', 'Kalimantan Barat'),
('KB', 'RU', 'Kabardino-Balkar Republic'),
('KC', 'AL', 'Kuçovë District'),
('KC', 'CD', 'Kasaï Central'),
('KC', 'RU', 'Karachay-Cherkess Republic'),
('KD', 'GN', 'Kindia Prefecture'),
('KD', 'NG', 'Kaduna'),
('KD', 'SN', 'Kolda'),
('KDA', 'RU', 'Krasnodar Krai'),
('KDZ', 'AF', 'Kunduz Province'),
('KE', 'CD', 'Kasaï Oriental'),
('KE', 'GN', 'Kérouané Prefecture'),
('KE', 'HU', 'Komárom-Esztergom'),
('KE', 'IE', 'Kildare'),
('KE', 'NA', 'Kavango East Region'),
('KE', 'NG', 'Kebbi'),
('KE', 'SN', 'Kédougou'),
('KEC', 'GB', 'Royal Borough of Kensington and Chelsea'),
('KEE', 'TW', 'Keelung'),
('KEM', 'RU', 'Kemerovo Oblast'),
('KEN', 'BF', 'Kénédougou Province'),
('KEN', 'GB', 'Kent'),
('KEN', 'MA', 'Kénitra'),
('KES', 'MA', 'El Kelâa des Sraghna'),
('KF', 'LY', 'Kufra District'),
('KFS', 'EG', 'Kafr el-Sheikh'),
('KG', 'BW', 'Kgalagadi District'),
('KG', 'CD', 'Kwango'),
('KG', 'CF', 'Kémo Prefecture'),
('KGD', 'RU', 'Kaliningrad'),
('KGN', 'RU', 'Kurgan Oblast'),
('KH', 'LA', 'Khammouane Province'),
('KH', 'NA', 'Khomas Region'),
('KH', 'QA', 'Al Khor'),
('KH', 'SD', 'Khartoum'),
('KHA', 'RU', 'Khabarovsk Krai'),
('KHE', 'MA', 'Khémisset'),
('KHH', 'TW', 'Kaohsiung'),
('KHL', 'GB', 'City of Kingston upon Hull'),
('KHM', 'RU', 'Khanty-Mansi Autonomous Okrug'),
('KHN', 'MA', 'Khénifra'),
('KHO', 'AF', 'Khost'),
('KHO', 'MA', 'Khouribga'),
('KI', 'BI', 'Kirundo Province'),
('KI', 'ID', 'Kalimantan Timur'),
('KI', 'IQ', 'Kirkuk'),
('KI', 'SK', 'Košice Region'),
('KIN', 'TW', 'Kinmen'),
('KIR', 'GB', 'Kirklees'),
('KIR', 'RU', 'Kirov Oblast'),
('KK', 'GE', 'Kvemo Kartli'),
('KK', 'IE', 'Kilkenny'),
('KK', 'RU', 'Republic of Khakassia'),
('KKC', 'HK', 'Kowloon City'),
('KKT', 'HK', 'Kwun Tong'),
('KL', 'BW', 'Kgatleng District'),
('KL', 'CD', 'Kwilu'),
('KL', 'IN', 'Kerala'),
('KL', 'LT', 'Klaip?da County'),
('KL', 'RU', 'Republic of Kalmykia'),
('KL', 'SN', 'Kaolack'),
('KLU', 'RU', 'Kaluga Oblast'),
('KM', 'HU', 'Kecskemét'),
('KMD', 'BF', 'Komondjari Province'),
('KMP', 'BF', 'Kompienga Province'),
('KN', 'CD', 'Kinshasa'),
('KN', 'EG', 'Qena'),
('KN', 'GN', 'Koundara Prefecture'),
('KN', 'GQ', 'Kié-Ntem Province'),
('KN', 'NG', 'Kano'),
('KN', 'SD', 'North Kordofan'),
('KNR', 'AF', 'Kunar'),
('KO', 'AL', 'Korçë District'),
('KO', 'BJ', 'Kouffo Department'),
('KO', 'GN', 'Kouroussa Prefecture'),
('KO', 'NG', 'Kogi'),
('KO', 'NP', 'Kosi Zone'),
('KO', 'RU', 'Komi Republic'),
('KOP', 'BF', 'Koulpélogo Province'),
('KOS', 'BF', 'Kossi Province'),
('KOS', 'RU', 'Kostroma Oblast'),
('KOT', 'BF', 'Kouritenga Province'),
('KOW', 'BF', 'Kourwéogo Province'),
('KP', 'PK', 'Khyber Pakhtunkhwa'),
('KP', 'PL', 'Kuyavian-Pomeranian Voivodeship'),
('KR', 'AL', 'Krujë District'),
('KR', 'BI', 'Karuzi Province'),
('KR', 'ID', 'Kepulauan Riau'),
('KR', 'IT', 'Crotone'),
('KR', 'MW', 'Karonga District'),
('KR', 'RU', 'Republic of Karelia'),
('KRS', 'RU', 'Kursk Oblast'),
('KS', 'CD', 'Kasaï'),
('KS', 'GN', 'Kissidougou Prefecture'),
('KS', 'ID', 'Kalimantan Selatan'),
('KS', 'MW', 'Kasungu District'),
('KS', 'SD', 'South Kordofan'),
('KS', 'US', 'Kansas'),
('KSA', 'FM', 'Kosrae State'),
('KSS', 'HK', 'Sham Shui Po'),
('KT', 'AM', 'Kotayk Region'),
('KT', 'ID', 'Kalimantan Tengah'),
('KT', 'NG', 'Katsina'),
('KT', 'TJ', 'Khatlon Province'),
('KTT', 'GB', 'Royal Borough of Kingston upon Thames'),
('KU', 'AL', 'Kukës District'),
('KU', 'ID', 'Kalimantan Utara'),
('KU', 'KW', 'Capital'),
('KU', 'LT', 'Kaunas County'),
('KU', 'NA', 'Kunene Region'),
('KUR', 'AZ', 'Kurdamir District'),
('KUS', 'KZ', 'Kostanay Region'),
('KV', 'HU', 'Kaposvár'),
('KW', 'BW', 'Kweneng District'),
('KW', 'NA', 'Kavango West Region'),
('KW', 'NG', 'Kwara'),
('KWL', 'GB', 'Knowsley'),
('KWT', 'HK', 'Wong Tai Sin'),
('KY', 'BI', 'Kayanza Province'),
('KY', 'IE', 'Kerry'),
('KY', 'PA', 'Guna Yala'),
('KY', 'US', 'Kentucky'),
('KYA', 'RU', 'Krasnoyarsk Krai'),
('KYT', 'HK', 'Yau Tsim Mong'),
('KZN', 'ZA', 'KwaZulu-Natal'),
('KZY', 'KZ', 'Kyzylorda Region'),
('L', 'AR', 'La Pampa'),
('L', 'BO', 'La Paz Department'),
('L', 'CR', 'Limón Province'),
('L', 'EC', 'Loja'),
('L', 'ES', 'Lleida'),
('L', 'GM', 'Lower River Division'),
('L', 'GN', 'Labé Region'),
('L', 'GR', 'South Aegean'),
('L', 'GW', 'Leste Province'),
('L', 'IE', 'Leinster'),
('L', 'KI', 'Line Islands'),
('L', 'LU', 'Luxembourg District'),
('L', 'MH', 'Ralik Chain'),
('L', 'MZ', 'Maputo Province'),
('L', 'TM', 'Lebap Region'),
('L', 'VE', 'Mérida'),
('LA', 'AZ', 'Lankaran District'),
('LA', 'GN', 'Labé Prefecture'),
('LA', 'ID', 'Lampung'),
('LA', 'IN', 'Ladakh'),
('LA', 'NG', 'Lagos'),
('LA', 'SY', 'Latakia'),
('LA', 'TL', 'Lautém Municipality'),
('LA', 'US', 'Louisiana'),
('LA', 'UY', 'Lavalleja Department'),
('LA', 'YE', 'Lahij'),
('LAA', 'MA', 'Laâyoune (EH)'),
('LAC', 'AZ', 'Lachin District'),
('LAG', 'AF', 'Laghman'),
('LAG', 'CO', 'La Guajira'),
('LAG', 'PH', 'Laguna'),
('LAL', 'PE', 'La Libertad'),
('LAM', 'PE', 'Lambayeque'),
('LAN', 'AZ', 'Lankaran'),
('LAN', 'GB', 'Lancashire'),
('LAN', 'PH', 'Lanao del Norte'),
('LAR', 'MA', 'Larache'),
('LAS', 'PH', 'Lanao del Sur'),
('LB', 'AL', 'Librazhd District'),
('LB', 'CF', 'Lobaye Prefecture'),
('LB', 'PL', 'Lubusz Voivodeship'),
('LBC', 'GB', 'Lisburn and Castlereagh'),
('LBH', 'GB', 'London Borough of Lambeth'),
('LC', 'CI', 'Lacs District'),
('LC', 'IT', 'Lecco'),
('LC', 'TD', 'Lac'),
('LCE', 'GB', 'City of Leicester'),
('LD', 'IE', 'Longford'),
('LD', 'IN', 'Lakshadweep'),
('LD', 'PL', '?ód? Voivodeship'),
('LDS', 'GB', 'Leeds'),
('LE', 'AL', 'Lezhë District'),
('LE', 'ES', 'Léon'),
('LE', 'GN', 'Lélouma Prefecture'),
('LE', 'HN', 'Lempira Department'),
('LE', 'IT', 'Lecce'),
('LE', 'NI', 'León'),
('LEC', 'GB', 'Leicestershire'),
('LEN', 'RU', 'Leningrad Oblast'),
('LER', 'AZ', 'Lerik District'),
('LER', 'BF', 'Léraba Province'),
('LEW', 'GB', 'London Borough of Lewisham'),
('LEY', 'PH', 'Leyte'),
('LG', 'CI', 'Lagunes District'),
('LG', 'SN', 'Louga'),
('LH', 'IE', 'Louth'),
('LI', 'BJ', 'Littoral Department'),
('LI', 'BS', 'Long Island'),
('LI', 'CL', 'Libertador General Bernardo O\'Higgins'),
('LI', 'GQ', 'Litoral Province'),
('LI', 'IT', 'Livorno'),
('LI', 'MW', 'Lilongwe District'),
('LI', 'NL', 'Limburg'),
('LI', 'SV', 'La Libertad Department'),
('LI', 'TL', 'Liquiçá Municipality'),
('LIE', 'TW', 'Lienchiang'),
('LIM', 'PE', 'Lima'),
('LIN', 'GB', 'Lincolnshire'),
('LIP', 'RU', 'Lipetsk Oblast'),
('LIV', 'GB', 'Liverpool'),
('LK', 'IE', 'Limerick'),
('LK', 'MW', 'Likoma District'),
('LK', 'SS', 'Lakes'),
('LL', 'CL', 'Los Lagos'),
('LM', 'LA', 'Luang Namtha Province'),
('LMV', 'GB', 'Limavady Borough Council'),
('LN', 'CN', 'Liaoning'),
('LND', 'GB', 'City of London'),
('LNO', 'AO', 'Lunda Norte Province'),
('LO', 'AM', 'Lori Region'),
('LO', 'CD', 'Lomami'),
('LO', 'ES', 'La Rioja'),
('LO', 'GN', 'Lola Prefecture'),
('LO', 'IT', 'Lodi'),
('LO', 'LR', 'Lofa County'),
('LO', 'TD', 'Logone Occidental'),
('LOG', 'AF', 'Logar'),
('LOR', 'BF', 'Loroum Province'),
('LOR', 'PE', 'Loreto'),
('LP', 'HN', 'La Paz Department'),
('LP', 'LA', 'Luang Prabang Province'),
('LP', 'ZA', 'Limpopo'),
('LPX', 'LV', 'Liep?ja'),
('LR', 'CL', 'Los Ríos'),
('LR', 'TD', 'Logone Oriental'),
('LRN', 'GB', 'Larne Borough Council'),
('LS', 'IE', 'Laois'),
('LSB', 'GB', 'Lisburn City Council'),
('LSU', 'AO', 'Lunda Sul Province'),
('LT', 'CM', 'Littoral'),
('LT', 'IT', 'Latina'),
('LU', 'AL', 'Lushnjë District'),
('LU', 'CD', 'Lualaba'),
('LU', 'CH', 'Lucerne'),
('LU', 'ES', 'Lugo'),
('LU', 'IT', 'Lucca'),
('LU', 'LU', 'Canton of Luxembourg'),
('LU', 'NP', 'Lumbini Zone'),
('LU', 'PL', 'Lublin Voivodeship'),
('LU', 'SZ', 'Lubombo District'),
('LUA', 'AO', 'Luanda Province'),
('LUN', 'PH', 'La Union'),
('LX', 'EG', 'Luxor'),
('M', 'AR', 'Mendoza'),
('M', 'EC', 'Manabí'),
('M', 'ES', 'Madrid'),
('M', 'GM', 'Central River Division'),
('M', 'GN', 'Mamou Region'),
('M', 'GR', 'Crete Region'),
('M', 'IE', 'Munster'),
('M', 'IL', 'Central District'),
('M', 'KM', 'Mohéli'),
('M', 'MG', 'Mahajanga Province'),
('M', 'SE', 'Skåne County'),
('M', 'TG', 'Maritime'),
('M', 'TM', 'Mary Region'),
('M', 'VE', 'Miranda'),
('MA', 'BI', 'Makamba Province'),
('MA', 'BR', 'Maranhão'),
('MA', 'BY', 'Mogilev Region'),
('MA', 'CD', 'Maniema'),
('MA', 'CL', 'Magallanes y de la Antártica Chilena'),
('MA', 'CV', 'Maio Municipality'),
('MA', 'ER', 'Maekel Region'),
('MA', 'ES', 'Málaga'),
('MA', 'GY', 'Mahaica-Berbice'),
('MA', 'ID', 'Maluku'),
('MA', 'IQ', 'Maysan'),
('MA', 'JO', 'Mafraq'),
('MA', 'NP', 'Mahakali Zone'),
('MA', 'OM', 'Muscat'),
('MA', 'PL', 'Lesser Poland Voivodeship'),
('MA', 'SR', 'Marowijne District'),
('MA', 'SZ', 'Manzini District'),
('MA', 'TD', 'Mandoul'),
('MA', 'US', 'Massachusetts'),
('MA', 'UY', 'Maldonado Department'),
('MA', 'YE', 'Ma\'rib'),
('MA', 'ZW', 'Manicaland'),
('MAD', 'PH', 'Marinduque'),
('MAG', 'CO', 'Magdalena'),
('MAG', 'PH', 'Maguindanao'),
('MAG', 'RU', 'Magadan Oblast'),
('MAL', 'AO', 'Malanje Province'),
('MAN', 'GB', 'Manchester'),
('MAN', 'KZ', 'Mangystau Region'),
('MAP', 'VU', 'Malampa'),
('MAR', 'MA', 'Marrakech'),
('MAS', 'AZ', 'Masally District'),
('MAS', 'PH', 'Masbate'),
('MB', 'CA', 'Manitoba'),
('MB', 'CF', 'Mbomou Prefecture'),
('MB', 'IT', 'Monza and Brianza'),
('MB', 'LY', 'Murqub'),
('MBA', 'PG', 'Milne Bay Province'),
('MBH', 'NZ', 'Marlborough Region'),
('MC', 'BS', 'Mangrove Cay'),
('MC', 'GN', 'Macenta Prefecture'),
('MC', 'IT', 'Macerata'),
('MC', 'MW', 'Mchinji District'),
('MC', 'TD', 'Moyen-Chari'),
('MC', 'ZW', 'Mashonaland Central Province'),
('MD', 'GN', 'Mandiana Prefecture'),
('MD', 'JO', 'Madaba'),
('MD', 'NI', 'Madriz'),
('MD', 'US', 'Maryland'),
('MDB', 'GB', 'Middlesbrough'),
('MDC', 'PH', 'Occidental Mindoro'),
('MDD', 'PE', 'Madre de Dios'),
('MDF', 'MA', 'M’diq-Fnideq'),
('MDR', 'PH', 'Oriental Mindoro'),
('MDW', 'GB', 'Medway'),
('ME', 'IT', 'Messina'),
('ME', 'LU', 'Canton of Mersch'),
('ME', 'NP', 'Mechi Zone'),
('ME', 'RU', 'Mari El Republic'),
('ME', 'TD', 'Mayo-Kebbi Est'),
('ME', 'US', 'Maine'),
('ME', 'ZW', 'Mashonaland East Province'),
('MEA', 'GB', 'Mid and East Antrim'),
('MED', 'MA', 'Médiouna'),
('MEK', 'MA', 'Meknès'),
('MET', 'CO', 'Meta'),
('MEX', 'MX', 'Estado de México'),
('MF', 'FR', 'Saint-Martin'),
('MF', 'TL', 'Manufahi Municipality'),
('MFT', 'GB', 'Magherafelt District Council'),
('MG', 'BR', 'Minas Gerais'),
('MG', 'BS', 'Mayaguana District'),
('MG', 'CI', 'Montagnes District'),
('MG', 'LR', 'Margibi County'),
('MG', 'MC', 'Moneghetti'),
('MG', 'MW', 'Mangochi District'),
('MG', 'PR', 'Mayagüez'),
('MH', 'BS', 'Marsh Harbour'),
('MH', 'IE', 'Meath'),
('MH', 'IN', 'Maharashtra'),
('MH', 'MW', 'Machinga District'),
('MH', 'RO', 'Mehedin?i County'),
('MI', 'AZ', 'Mingachevir'),
('MI', 'BY', 'Minsk Region'),
('MI', 'HU', 'Miskolc'),
('MI', 'IT', 'Milan'),
('MI', 'LY', 'Misrata District'),
('MI', 'US', 'Michigan'),
('MI', 'ZW', 'Midlands Province'),
('MIA', 'TW', 'Miaoli'),
('MIC', 'MX', 'Michoacán de Ocampo'),
('MID', 'MA', 'Midelt'),
('MIK', 'GB', 'Milton Keynes'),
('MJ', 'LY', 'Marj District'),
('MK', 'AL', 'Mallakastër District'),
('MK', 'SB', 'Makira-Ulawa Province'),
('ML', 'CL', 'Maule'),
('ML', 'GN', 'Mali Prefecture'),
('ML', 'IN', 'Meghalaya'),
('ML', 'SB', 'Malaita Province'),
('MLE', 'MV', 'Malé'),
('MLN', 'GB', 'Midlothian'),
('MM', 'AL', 'Malësi e Madhe District'),
('MM', 'GE', 'Mtskheta-Mtianeti'),
('MM', 'GN', 'Mamou Prefecture'),
('MM', 'RO', 'Maramure? County'),
('MN', 'CD', 'Mai-Ndombe'),
('MN', 'EG', 'Minya'),
('MN', 'IE', 'Monaghan'),
('MN', 'IN', 'Manipur'),
('MN', 'IT', 'Mantua'),
('MN', 'JO', 'Ma\'an'),
('MN', 'NI', 'Managua'),
('MN', 'US', 'Minnesota'),
('MN', 'ZW', 'Matabeleland North Province'),
('MNF', 'EG', 'Monufia'),
('MO', 'BJ', 'Mono Department'),
('MO', 'CD', 'Mongala'),
('MO', 'CN', 'Macau SAR'),
('MO', 'CV', 'Mosteiros'),
('MO', 'IE', 'Mayo'),
('MO', 'IT', 'Modena'),
('MO', 'LR', 'Montserrado County'),
('MO', 'MU', 'Moka District'),
('MO', 'RU', 'Republic of Mordovia'),
('MO', 'SV', 'Morazán Department'),
('MO', 'TD', 'Mayo-Kebbi Ouest'),
('MO', 'US', 'Missouri'),
('MO', 'UY', 'Montevideo Department'),
('MOH', 'MA', 'Mohammadia'),
('MON', 'GB', 'Monmouthshire'),
('MOQ', 'PE', 'Moquegua'),
('MOR', 'MX', 'Morelos'),
('MOS', 'RU', 'Moscow Oblast'),
('MOU', 'BF', 'Mouhoun'),
('MOU', 'MA', 'Moulay Yacoub'),
('MOU', 'PH', 'Mountain Province'),
('MOW', 'RU', 'Moscow'),
('MOX', 'AO', 'Moxico Province'),
('MP', 'CF', 'Ombella-M\'Poko Prefecture'),
('MP', 'IN', 'Madhya Pradesh'),
('MP', 'US', 'Northern Mariana Islands'),
('MP', 'ZA', 'Mpumalanga'),
('MPL', 'PG', 'Morobe Province'),
('MPM', 'MZ', 'Maputo'),
('MPM', 'PG', 'Madang Province'),
('MQ', 'LY', 'Murzuq District'),
('MR', 'AL', 'Mirditë District'),
('MR', 'LT', 'Marijampol? County'),
('MR', 'YE', 'Al Mahrah'),
('MRC', 'TT', 'Rio Claro-Mayaro Regional Corporation'),
('MRL', 'PG', 'Manus Province'),
('MRT', 'GB', 'London Borough of Merton'),
('MRY', 'GB', 'Moray'),
('MS', 'BR', 'Mato Grosso do Sul'),
('MS', 'IT', 'Massa and Carrara'),
('MS', 'NI', 'Masaya'),
('MS', 'QA', 'Madinat ash Shamal'),
('MS', 'RO', 'Mure? County'),
('MS', 'US', 'Mississippi'),
('MS', 'ZW', 'Matabeleland South Province'),
('MSC', 'PH', 'Misamis Occidental'),
('MSR', 'PH', 'Misamis Oriental'),
('MT', 'AL', 'Mat District'),
('MT', 'BR', 'Mato Grosso'),
('MT', 'EG', 'Matrouh'),
('MT', 'IT', 'Matera'),
('MT', 'NI', 'Matagalpa'),
('MT', 'SN', 'Matam'),
('MT', 'TL', 'Manatuto District'),
('MT', 'US', 'Montana'),
('MTY', 'GB', 'Merthyr Tydfil County Borough'),
('MU', 'BI', 'Muramvya Province'),
('MU', 'ES', 'Murcia'),
('MU', 'ID', 'Maluku Utara'),
('MU', 'IQ', 'Al Muthanna'),
('MU', 'KW', 'Mubarak Al-Kabeer'),
('MU', 'MW', 'Mulanje District'),
('MU', 'OM', 'Musandam'),
('MU', 'SO', 'Mudug'),
('MUL', 'GB', 'Mid Ulster'),
('MUR', 'RU', 'Murmansk Oblast'),
('MV', 'DE', 'Mecklenburg-Vorpommern'),
('MV', 'ZW', 'Masvingo Province'),
('MW', 'BI', 'Mwaro Province'),
('MW', 'MW', 'Mwanza District'),
('MW', 'YE', 'Al Mahwit'),
('MW', 'ZW', 'Mashonaland West Province'),
('MWT', 'NZ', 'Manawatu-Wanganui Region'),
('MY', 'BI', 'Muyinga Province'),
('MY', 'LR', 'Maryland County'),
('MYL', 'GB', 'Moyle District Council'),
('MZ', 'IN', 'Mizoram'),
('MZ', 'MW', 'Mzimba District'),
('MZ', 'PL', 'Masovian Voivodeship'),
('N', 'AR', 'Misiones'),
('N', 'BO', 'Pando Department'),
('N', 'EC', 'Napo'),
('N', 'FJ', 'Northern Division'),
('N', 'GM', 'North Bank Division'),
('N', 'GN', 'Nzérékoré Region'),
('N', 'GW', 'Norte Province'),
('N', 'KG', 'Naryn Region'),
('N', 'KN', 'Nevis'),
('N', 'MW', 'Northern Region'),
('N', 'MZ', 'Nampula Province'),
('N', 'SE', 'Halland County'),
('N', 'SL', 'Northern Province'),
('N', 'UG', 'Northern Region'),
('N', 'VE', 'Monagas'),
('NA', 'ES', 'Navarra'),
('NA', 'IQ', 'Najaf'),
('NA', 'IT', 'Naples'),
('NA', 'LB', 'Nabatieh'),
('NA', 'NG', 'Nasarawa'),
('NA', 'NP', 'Narayani Zone'),
('NAD', 'MA', 'Nador'),
('NAM', 'BF', 'Namentenga Province'),
('NAN', 'AF', 'Nangarhar'),
('NAN', 'TW', 'Nantou'),
('NAO', 'BF', 'Nahouri Province'),
('NAQ', 'FR', 'Nouvelle-Aquitaine'),
('NAR', 'CO', 'Nariño'),
('NAY', 'BF', 'Nayala Province'),
('NAY', 'GB', 'North Ayrshire'),
('NAY', 'MX', 'Nayarit'),
('NB', 'BS', 'Nichollstown and Berry Islands'),
('NB', 'CA', 'New Brunswick'),
('NB', 'CL', 'Ñuble'),
('NB', 'ID', 'Nusa Tenggara Barat'),
('NB', 'MW', 'Nkhata Bay District'),
('NB', 'NL', 'North Brabant'),
('NB', 'PA', 'Ngöbe-Buglé Comarca'),
('NB', 'SD', 'Blue Nile'),
('NBL', 'GB', 'Northumberland'),
('NC', 'MV', 'North Central Province'),
('NC', 'US', 'North Carolina'),
('NC', 'ZA', 'Northern Cape'),
('NCD', 'PG', 'Port Moresby'),
('NCO', 'PH', 'Cotabato'),
('NCR', 'PH', 'Metro Manila'),
('ND', 'HT', 'Nord'),
('ND', 'TD', 'N\'Djamena'),
('ND', 'US', 'North Dakota'),
('NDN', 'GB', 'North Down Borough Council'),
('NE', 'BS', 'North Eleuthera'),
('NE', 'BW', 'North-East District'),
('NE', 'CH', 'Neuchâtel'),
('NE', 'GH', 'North East'),
('NE', 'HT', 'Nord-Est'),
('NE', 'US', 'Nebraska'),
('NEC', 'PH', 'Negros Occidental'),
('NEF', 'AZ', 'Neftchala District'),
('NEL', 'GB', 'North East Lincolnshire'),
('NEN', 'RU', 'Nenets Autonomous Okrug'),
('NER', 'PH', 'Negros Oriental'),
('NET', 'GB', 'Newcastle upon Tyne'),
('NFK', 'GB', 'Norfolk'),
('NG', 'BI', 'Ngozi Province'),
('NG', 'BW', 'Ngamiland'),
('NG', 'UZ', 'Namangan Region'),
('NGM', 'GB', 'City of Nottingham'),
('NGR', 'RU', 'Novgorod Oblast'),
('NH', 'NL', 'North Holland'),
('NH', 'US', 'New Hampshire'),
('NI', 'DE', 'Lower Saxony'),
('NI', 'HT', 'Nippes'),
('NI', 'IQ', 'Nineveh'),
('NI', 'LR', 'Nimba'),
('NI', 'MD', 'Nisporeni District'),
('NI', 'MW', 'Ntchisi District'),
('NI', 'NG', 'Niger'),
('NI', 'SK', 'Nitra Region'),
('NI', 'SR', 'Nickerie District'),
('NIK', 'PG', 'New Ireland Province'),
('NIM', 'AF', 'Nimruz'),
('NIR', 'GB', 'Northern Ireland'),
('NIS', 'HK', 'Islands District'),
('NIT', 'TV', 'Niutao Island Council'),
('NIZ', 'RU', 'Nizhny Novgorod Oblast'),
('NJ', 'US', 'New Jersey'),
('NK', 'CD', 'Nord-Kivu'),
('NK', 'HU', 'Nagykanizsa'),
('NK', 'MW', 'Nkhotakota District'),
('NKF', 'TV', 'Nukufetau'),
('NKL', 'TV', 'Nukulaelae'),
('NKT', 'HK', 'Kwai Tsing'),
('NL', 'CA', 'Newfoundland and Labrador'),
('NL', 'IN', 'Nagaland'),
('NL', 'LY', 'Nalut District'),
('NLE', 'MX', 'Nuevo León'),
('NLK', 'GB', 'North Lanarkshire'),
('NLN', 'GB', 'North Lincolnshire'),
('NM', 'CF', 'Nana-Mambéré Prefecture'),
('NM', 'CN', 'Inner Mongolia'),
('NM', 'US', 'New Mexico'),
('NMA', 'TV', 'Nanumea'),
('NMD', 'GB', 'Newry, Mourne and Down'),
('NMG', 'TV', 'Nanumanga'),
('NNO', 'HK', 'North'),
('NO', 'BS', 'North Abaco'),
('NO', 'CM', 'North'),
('NO', 'HT', 'Nord-Ouest'),
('NO', 'HU', 'Nógrád County'),
('NO', 'IT', 'Novara'),
('NO', 'MV', 'North Province'),
('NO', 'SD', 'Northern'),
('NOR', 'FR', 'Normandie'),
('NOU', 'BF', 'Noumbiel Province'),
('NOU', 'MA', 'Nouaceur'),
('NP', 'BS', 'New Providence'),
('NP', 'GH', 'Northern'),
('NPP', 'PG', 'Oro Province'),
('NQ', 'LY', 'Nuqat al Khams'),
('NR', 'SD', 'River Nile'),
('NS', 'BS', 'North Andros'),
('NS', 'CA', 'Nova Scotia'),
('NS', 'MW', 'Nsanje District'),
('NS', 'NI', 'Nueva Segovia'),
('NSA', 'CO', 'Norte de Santander'),
('NSA', 'PH', 'Northern Samar'),
('NSB', 'PG', 'Bougainville'),
('NSK', 'HK', 'Sai Kung District'),
('NSM', 'GB', 'North Somerset'),
('NSN', 'NZ', 'Nelson Region'),
('NST', 'HK', 'Sha Tin'),
('NSW', 'AU', 'New South Wales'),
('NT', 'AU', 'Northern Territory'),
('NT', 'CA', 'Northwest Territories'),
('NT', 'ID', 'Nusa Tenggara Timur'),
('NT', 'RO', 'Neam? County'),
('NTA', 'GB', 'Newtownabbey Borough Council'),
('NTH', 'GB', 'Northamptonshire'),
('NTL', 'GB', 'Neath Port Talbot County Borough'),
('NTL', 'NZ', 'Northland Region'),
('NTM', 'HK', 'Tuen Mun'),
('NTP', 'KH', 'Tai Po District'),
('NTT', 'GB', 'Nottinghamshire'),
('NTW', 'HK', 'Tsuen Wan District'),
('NTY', 'GB', 'North Tyneside'),
('NU', 'CA', 'Nunavut'),
('NU', 'CD', 'Nord-Ubangi'),
('NU', 'IT', 'Nuoro'),
('NU', 'MW', 'Ntcheu District'),
('NU', 'SO', 'Nugal'),
('NU', 'SS', 'Upper Nile'),
('NUE', 'PH', 'Nueva Ecija'),
('NUI', 'TV', 'Nui'),
('NUR', 'AF', 'Nuristan'),
('NUV', 'PH', 'Nueva Vizcaya'),
('NV', 'US', 'Nevada'),
('NVS', 'RU', 'Novosibirsk'),
('NW', 'BW', 'North-West District'),
('NW', 'CH', 'Nidwalden'),
('NW', 'CM', 'Northwest'),
('NW', 'DE', 'North Rhine-Westphalia'),
('NW', 'SD', 'White Nile'),
('NW', 'UZ', 'Navoiy Region'),
('NW', 'ZA', 'North West'),
('NWM', 'GB', 'London Borough of Newham'),
('NWP', 'GB', 'Newport'),
('NWT', 'TW', 'New Taipei'),
('NX', 'AZ', 'Nakhchivan Autonomous Republic'),
('NX', 'CN', 'Ningxia Huizu'),
('NY', 'HU', 'Nyíregyháza'),
('NY', 'US', 'New York'),
('NYK', 'GB', 'North Yorkshire'),
('NYL', 'HK', 'Yuen Long District'),
('NYM', 'GB', 'Newry and Mourne District Council'),
('NZ', 'GN', 'Nzérékoré Prefecture'),
('O', 'BO', 'Oruro Department'),
('O', 'EC', 'El Oro'),
('O', 'ES', 'Asturias'),
('O', 'KG', 'Osh Region'),
('O', 'SE', 'Västra Götaland County'),
('O', 'VE', 'Nueva Esparta'),
('OAX', 'MX', 'Oaxaca'),
('OB', 'DJ', 'Obock Region'),
('OC', 'HN', 'Ocotepeque Department'),
('OC', 'MD', 'Ocni?a District'),
('OCC', 'FR', 'Occitanie'),
('OD', 'NA', 'Otjozondjupa Region'),
('OD', 'TD', 'Ouaddaï'),
('OG', 'NG', 'Ogun'),
('OGU', 'AZ', 'Oghuz District'),
('OH', 'NA', 'Omaheke Region'),
('OH', 'US', 'Ohio'),
('OI', 'GW', 'Oio Region'),
('OK', 'US', 'Oklahoma'),
('OL', 'HN', 'Olancho Department'),
('OLD', 'GB', 'Oldham'),
('OMH', 'GB', 'Omagh District Council'),
('OMS', 'RU', 'Omsk Oblast'),
('ON', 'CA', 'Ontario'),
('ON', 'NA', 'Oshana Region'),
('ON', 'NG', 'Ondo'),
('OP', 'CF', 'Ouham-Pendé Prefecture'),
('OP', 'PL', 'Opole Voivodeship'),
('OR', 'ES', 'Ourense'),
('OR', 'ET', 'Oromia Region'),
('OR', 'IN', 'Odisha'),
('OR', 'IT', 'Oristano'),
('OR', 'MD', 'Orhei District'),
('OR', 'US', 'Oregon'),
('ORD', 'AZ', 'Ordubad District'),
('ORE', 'RU', 'Orenburg Oblast'),
('ORK', 'GB', 'Orkney Islands'),
('ORL', 'RU', 'Oryol Oblast'),
('OS', 'NA', 'Omusati Region'),
('OS', 'NG', 'Osun'),
('OT', 'GH', 'Oti'),
('OT', 'NA', 'Oshikoto Region'),
('OT', 'RO', 'Olt County'),
('OTA', 'NZ', 'Otago Region'),
('OU', 'BJ', 'Ouémé Department'),
('OU', 'CM', 'West'),
('OU', 'HT', 'Ouest'),
('OU', 'LA', 'Oudomxay Province'),
('OUA', 'MA', 'Ouarzazate'),
('OUB', 'BF', 'Oubritenga Province'),
('OUD', 'BF', 'Oudalan Province'),
('OUD', 'MA', 'Oued Ed-Dahab (EH)'),
('OUJ', 'MA', 'Oujda-Angad'),
('OUZ', 'MA', 'Ouezzane'),
('OV', 'NL', 'Overijssel'),
('OW', 'BZ', 'Orange Walk District'),
('OW', 'CH', 'Obwalden'),
('OW', 'NA', 'Ohangwena Region'),
('OXF', 'GB', 'Oxfordshire'),
('OY', 'IE', 'Offaly'),
('OY', 'NG', 'Oyo'),
('P', 'AR', 'Formosa'),
('P', 'BO', 'Potosí Department'),
('P', 'CR', 'Puntarenas Province'),
('P', 'EC', 'Pichincha'),
('P', 'ES', 'Palencia'),
('P', 'KI', 'Phoenix Islands'),
('P', 'MZ', 'Cabo Delgado Province'),
('P', 'ST', 'Príncipe Province'),
('P', 'TG', 'Plateaux Region'),
('P', 'VE', 'Portuguesa'),
('PA', 'BR', 'Pará'),
('PA', 'CV', 'Paul'),
('PA', 'ID', 'Papua'),
('PA', 'IT', 'Palermo'),
('PA', 'MU', 'Pamplemousses District'),
('PA', 'SV', 'La Paz Department'),
('PA', 'US', 'Pennsylvania'),
('PA', 'UY', 'Paysandú Department'),
('PA', 'WS', 'Palauli'),
('PAC', 'FR', 'Provence-Alpes-Côte-d’Azur'),
('PAG', 'BM', 'Paget Parish'),
('PAM', 'PH', 'Pampanga'),
('PAM', 'VU', 'Penama'),
('PAN', 'AF', 'Panjshir'),
('PAN', 'PH', 'Pangasinan'),
('PAR', 'AF', 'Parwan'),
('PAS', 'BF', 'Passoré Province'),
('PAS', 'PE', 'Pasco'),
('PAV', 'KZ', 'Pavlodar Region'),
('PB', 'BR', 'Paraíba'),
('PB', 'ID', 'Papua Barat'),
('PB', 'IN', 'Punjab'),
('PB', 'PK', 'Punjab'),
('PC', 'IT', 'Piacenza'),
('PD', 'IT', 'Padua'),
('PD', 'PL', 'Podlaskie Voivodeship'),
('PDL', 'FR', 'Pays-de-la-Loire'),
('PE', 'BR', 'Pernambuco'),
('PE', 'CA', 'Prince Edward Island'),
('PE', 'GT', 'Petén Department'),
('PE', 'HU', 'Pest County'),
('PE', 'IT', 'Pescara'),
('PED', 'TT', 'Penal-Debe Regional Corporation'),
('PEM', 'BM', 'Pembroke Parish'),
('PEM', 'GB', 'Pembrokeshire'),
('PEN', 'TW', 'Penghu'),
('PER', 'RU', 'Perm Krai'),
('PF', 'FR', 'French Polynesia'),
('PG', 'AL', 'Pogradec District'),
('PG', 'IT', 'Perugia'),
('PH', 'LA', 'Phongsaly Province'),
('PH', 'MW', 'Phalombe District'),
('PH', 'RO', 'Prahova County'),
('PI', 'BR', 'Piauí'),
('PI', 'GN', 'Pita Prefecture'),
('PI', 'IT', 'Pisa'),
('PIA', 'AF', 'Paktia'),
('PIF', 'TW', 'Pingtung'),
('PIU', 'PE', 'Piura'),
('PK', 'PL', 'Podkarpackie Voivodeship'),
('PKA', 'AF', 'Paktika'),
('PKN', 'GB', 'Perth and Kinross'),
('PL', 'BJ', 'Plateau Department'),
('PL', 'MU', 'Port Louis District'),
('PL', 'NG', 'Plateau'),
('PLW', 'PH', 'Palawan'),
('PLY', 'GB', 'City of Plymouth'),
('PM', 'ES', 'Balearic Islands'),
('PM', 'FR', 'Saint Pierre and Miquelon'),
('PM', 'GY', 'Pomeroon-Supenaam'),
('PM', 'PL', 'Pomeranian Voivodeship'),
('PM', 'SR', 'Paramaribo District'),
('PN', 'CV', 'Porto Novo'),
('PN', 'IT', 'Pordenone'),
('PN', 'LT', 'Panev?žys County'),
('PNI', 'FM', 'Pohnpei State'),
('PNZ', 'RU', 'Penza Oblast'),
('PO', 'ES', 'Pontevedra'),
('PO', 'IT', 'Prato'),
('PO', 'PR', 'Ponce'),
('POL', 'GB', 'Poole'),
('PON', 'BF', 'Poni Province'),
('POR', 'GB', 'City of Portsmouth'),
('POS', 'TT', 'Port of Spain'),
('POW', 'GB', 'Powys'),
('PQ', 'AL', 'Peqin District'),
('PR', 'AL', 'Përmet District'),
('PR', 'BR', 'Paraná'),
('PR', 'CV', 'Praia'),
('PR', 'GT', 'El Progreso Department'),
('PR', 'IT', 'Parma'),
('PR', 'SR', 'Para District'),
('PR', 'US', 'Puerto Rico'),
('PRI', 'RU', 'Primorsky Krai'),
('PRT', 'TT', 'Princes Town Regional Corporation'),
('PS', 'HU', 'Pécs'),
('PSK', 'RU', 'Pskov Oblast'),
('PT', 'GY', 'Potaro-Siparuni'),
('PT', 'IT', 'Pistoia'),
('PTE', 'GB', 'City of Peterborough'),
('PTF', 'TT', 'Point Fortin'),
('PTS', 'EG', 'Port Said'),
('PU', 'AL', 'Pukë District'),
('PU', 'IT', 'Pesaro and Urbino'),
('PU', 'MU', 'Port Louis'),
('PUE', 'MX', 'Puebla'),
('PUN', 'PE', 'Puno'),
('PUT', 'CO', 'Putumayo'),
('PV', 'IT', 'Pavia'),
('PV', 'SK', 'Prešov Region'),
('PW', 'MU', 'Plaines Wilhems District'),
('PY', 'IN', 'Puducherry'),
('PZ', 'IT', 'Potenza'),
('Q', 'AR', 'Neuquén'),
('Q', 'MZ', 'Zambezia Province'),
('QA', 'IQ', 'Al-Q?disiyyah'),
('QA', 'UZ', 'Qashqadaryo Region'),
('QAB', 'AZ', 'Qabala District'),
('QAX', 'AZ', 'Qakh District'),
('QAZ', 'AZ', 'Qazakh District'),
('QB', 'MU', 'Quatre Bornes'),
('QBA', 'AZ', 'Quba District'),
('QBI', 'AZ', 'Qubadli District'),
('QC', 'CA', 'Quebec'),
('QC', 'GT', 'Quiché Department'),
('QH', 'CN', 'Qinghai'),
('QLD', 'AU', 'Queensland'),
('QOB', 'AZ', 'Gobustan District'),
('QR', 'UZ', 'Karakalpakstan'),
('QU', 'GW', 'Quinara Region'),
('QU', 'SY', 'Quneitra'),
('QUE', 'MX', 'Querétaro'),
('QUE', 'PH', 'Quezon'),
('QUI', 'CO', 'Quindío'),
('QUI', 'PH', 'Quirino'),
('QUS', 'AZ', 'Qusar District'),
('QZ', 'GT', 'Quetzaltenango Department'),
('R', 'AR', 'Río Negro'),
('R', 'EC', 'Los Ríos'),
('R', 'FJ', 'Rotuma'),
('R', 'VE', 'Sucre'),
('RA', 'IT', 'Ravenna'),
('RA', 'NP', 'Rapti Zone'),
('RA', 'QA', 'Al Rayyan Municipality'),
('RA', 'SY', 'Al-Raqqah'),
('RA', 'TJ', 'districts of Republican Subordination'),
('RA', 'YE', 'Raymah'),
('RAB', 'MA', 'Rabat'),
('RB', 'CV', 'Ribeira Brava Municipality'),
('RB', 'SB', 'Rennell and Bellona Province'),
('RC', 'BS', 'Rum Cay District'),
('RC', 'IT', 'Reggio Calabria'),
('RCC', 'GB', 'Redcar and Cleveland'),
('RCH', 'GB', 'Rochdale'),
('RCT', 'GB', 'Rhondda Cynon Taf'),
('RD', 'LU', 'Canton of Redange'),
('RD', 'SY', 'Rif Dimashq'),
('RDB', 'GB', 'London Borough of Redbridge'),
('RDG', 'GB', 'Reading'),
('RE', 'GT', 'Retalhuleu Department'),
('RE', 'IT', 'Reggio Emilia'),
('RE', 'MD', 'Rezina District'),
('REH', 'MA', 'Rehamna'),
('REZ', 'LV', 'R?zekne'),
('RFW', 'GB', 'Renfrewshire'),
('RG', 'CV', 'Ribeira Grande'),
('RG', 'IT', 'Ragusa'),
('RG', 'LR', 'River Gee County'),
('RI', 'BS', 'Ragged Island'),
('RI', 'ID', 'Riau'),
('RI', 'IT', 'Rieti'),
('RI', 'LR', 'River Cess County'),
('RI', 'MD', 'Rî?cani District'),
('RI', 'NG', 'Rivers'),
('RI', 'NI', 'Rivas'),
('RI', 'US', 'Rhode Island'),
('RIC', 'GB', 'London Borough of Richmond upon Thames'),
('RIS', 'CO', 'Risaralda'),
('RIX', 'LV', 'Riga'),
('RIZ', 'PH', 'Rizal'),
('RJ', 'BR', 'Rio de Janeiro'),
('RJ', 'IN', 'Rajasthan'),
('RK', 'AE', 'Ras al-Khaimah'),
('RL', 'GE', 'Racha-Lechkhumi and Kvemo Svaneti'),
('RM', 'BI', 'Rumonge Province'),
('RM', 'CL', 'Región Metropolitana de Santiago'),
('RM', 'IT', 'Rome'),
('RM', 'LU', 'Canton of Remich'),
('RN', 'BR', 'Rio Grande do Norte'),
('RN', 'IE', 'Roscommon'),
('RN', 'IT', 'Rimini'),
('RN', 'UY', 'Río Negro Department'),
('RO', 'BR', 'Rondônia'),
('RO', 'IT', 'Rovigo'),
('RO', 'MU', 'Rodrigues'),
('RO', 'UY', 'Rocha Department'),
('ROM', 'PH', 'Romblon'),
('ROO', 'MX', 'Quintana Roo'),
('ROS', 'RU', 'Rostov Oblast'),
('ROT', 'GB', 'Rotherham'),
('RP', 'DE', 'Rhineland-Palatinate'),
('RR', 'BR', 'Roraima'),
('RR', 'MU', 'Rivière du Rempart District'),
('RS', 'BR', 'Rio Grande do Sul'),
('RS', 'BS', 'Rock Sound'),
('RS', 'CV', 'Ribeira Grande de Santiago'),
('RS', 'SD', 'Red Sea'),
('RT', 'BI', 'Rutana Province'),
('RU', 'MW', 'Rumphi District'),
('RUT', 'GB', 'Rutland'),
('RV', 'UY', 'Rivera Department'),
('RY', 'BI', 'Ruyigi Province'),
('RYA', 'RU', 'Ryazan Oblast'),
('S', 'AR', 'Santa Fe'),
('S', 'BO', 'Santa Cruz Department'),
('S', 'CV', 'Sotavento Islands'),
('S', 'EC', 'Morona-Santiago'),
('S', 'ES', 'Cantabria'),
('S', 'GW', 'Sul Province'),
('S', 'MW', 'Southern Region'),
('S', 'MZ', 'Sofala Province'),
('S', 'SE', 'Värmland County'),
('S', 'SL', 'Southern Province'),
('S', 'ST', 'São Tomé Province'),
('S', 'TG', 'Savanes Region'),
('S', 'TH', 'Pattaya'),
('S', 'TM', 'Ashgabat'),
('S', 'VE', 'Táchira'),
('SA', 'AU', 'South Australia'),
('SA', 'AZ', 'Shaki'),
('SA', 'BS', 'South Andros'),
('SA', 'CD', 'Sankuru'),
('SA', 'ES', 'Salamanca'),
('SA', 'GT', 'Sacatepéquez Department'),
('SA', 'ID', 'Sulawesi Utara'),
('SA', 'IT', 'Salerno'),
('SA', 'LT', 'Šiauliai County'),
('SA', 'MU', 'Savanne District'),
('SA', 'MW', 'Salima District'),
('SA', 'NP', 'Sagarmatha Zone'),
('SA', 'RU', 'Sakha Republic'),
('SA', 'SO', 'Sanaag Region'),
('SA', 'SR', 'Saramacca District'),
('SA', 'SV', 'Santa Ana Department'),
('SA', 'TD', 'Salamat'),
('SA', 'UY', 'Salto Department'),
('SA', 'UZ', 'Samarqand Region'),
('SA', 'WS', 'Satupa\'itea'),
('SA', 'YE', 'Sana\'a'),
('SAB', 'AZ', 'Sabirabad District'),
('SAD', 'AZ', 'Sadarak District'),
('SAF', 'MA', 'Safi'),
('SAH', 'AZ', 'Shahbuz District'),
('SAK', 'AZ', 'Shaki District'),
('SAK', 'RU', 'Sakhalin'),
('SAL', 'AZ', 'Salyan District'),
('SAL', 'MA', 'Salé'),
('SAM', 'AF', 'Samangan'),
('SAM', 'PE', 'San Martín'),
('SAM', 'RU', 'Samara Oblast'),
('SAM', 'VU', 'Sanma'),
('SAN', 'BM', 'Sandys Parish'),
('SAN', 'CO', 'Santander'),
('SAN', 'PG', 'Sandaun Province'),
('SAP', 'CO', 'Archipiélago de San Andrés, Providencia y Santa Catalina'),
('SAR', 'AF', 'Sar-e Pol'),
('SAR', 'AZ', 'Sharur District'),
('SAR', 'PH', 'Sarangani'),
('SAR', 'RU', 'Saratov Oblast'),
('SAT', 'AZ', 'Saatly District'),
('SAW', 'GB', 'Sandwell'),
('SAY', 'GB', 'South Ayrshire'),
('SB', 'HN', 'Santa Bárbara Department'),
('SB', 'ID', 'Sumatera Barat'),
('SB', 'LY', 'Sabha District'),
('SB', 'RO', 'Sibiu County'),
('SBN', 'AZ', 'Shabran District'),
('SC', 'BR', 'Santa Catarina'),
('SC', 'BZ', 'Stann Creek District'),
('SC', 'CN', 'Sichuan'),
('SC', 'MV', 'South Central Province'),
('SC', 'US', 'South Carolina'),
('SC', 'VI', 'Saint Croix'),
('SCB', 'GB', 'Scottish Borders'),
('SCO', 'PH', 'South Cotabato'),
('SCT', 'GB', 'Scotland'),
('SD', 'CN', 'Shandong'),
('SD', 'CV', 'São Domingos'),
('SD', 'EC', 'Santo Domingo de los Tsáchilas'),
('SD', 'HT', 'Sud'),
('SD', 'HU', 'Szeged'),
('SD', 'IQ', 'Saladin'),
('SD', 'MD', '?old?ne?ti District'),
('SD', 'PK', 'Sindh'),
('SD', 'SO', 'Middle Shebelle'),
('SD', 'US', 'South Dakota'),
('SD', 'YE', 'Saada'),
('SE', 'BR', 'Sergipe'),
('SE', 'BS', 'South Eleuthera'),
('SE', 'BW', 'South-East District'),
('SE', 'CF', 'Sangha-Mbaéré'),
('SE', 'EC', 'Santa Elena'),
('SE', 'ES', 'Sevilla'),
('SE', 'HT', 'Sud-Est'),
('SE', 'NP', 'Seti Zone'),
('SE', 'RU', 'Republic of North Ossetia-Alania'),
('SE', 'SN', 'Sédhiou'),
('SEE', 'VU', 'Shefa'),
('SEF', 'MA', 'Sefrou'),
('SEN', 'BF', 'Séno Province'),
('SET', 'MA', 'Settat'),
('SEV', 'KZ', 'North Kazakhstan Region'),
('SF', 'CV', 'São Filipe'),
('SF', 'HU', 'Székesfehérvár'),
('SFK', 'GB', 'Suffolk'),
('SFO', 'TT', 'San Fernando'),
('SFT', 'GB', 'Sefton'),
('SG', 'CH', 'St. Gallen'),
('SG', 'ES', 'Segovia'),
('SG', 'ID', 'Sulawesi Tenggara'),
('SG', 'VN', 'H? Chí Minh'),
('SGC', 'GB', 'South Gloucestershire'),
('SGE', 'BM', 'Saint George\'s Parish'),
('SGE', 'TT', 'Sangre Grande Regional Corporation'),
('SH', 'AE', 'Sharjah Emirate'),
('SH', 'AL', 'Shkodër District'),
('SH', 'AM', 'Shirak Region'),
('SH', 'CH', 'Schaffhausen'),
('SH', 'CN', 'Shanghai'),
('SH', 'DE', 'Schleswig-Holstein'),
('SH', 'HU', 'Szombathely'),
('SH', 'OM', 'Ash Sharqiyah Region'),
('SH', 'QA', 'Al-Shahaniya'),
('SH', 'SO', 'Lower Shebelle'),
('SH', 'SZ', 'Shiselweni District'),
('SH', 'YE', 'Shabwah'),
('SH-AC', 'GB', 'Ascension Island'),
('SH-HL', 'GB', 'Saint Helena'),
('SHF', 'GB', 'Sheffield'),
('SHG', 'EG', 'Sohag'),
('SHM', 'PG', 'Southern Highlands Province'),
('SHN', 'GB', 'St Helens'),
('SHR', 'EG', 'Sharqia'),
('SHR', 'GB', 'Shropshire'),
('SI', 'GN', 'Siguiri Prefecture'),
('SI', 'IT', 'Siena'),
('SI', 'LR', 'Sinoe County'),
('SI', 'MD', 'Sîngerei District'),
('SI', 'SD', 'Sennar'),
('SI', 'SR', 'Sipaliwini District'),
('SI', 'TD', 'Sila'),
('SI', 'UZ', 'Sirdaryo Region'),
('SIB', 'MA', 'Sidi Bennour'),
('SIF', 'MA', 'Sidi Ifni'),
('SIG', 'PH', 'Siquijor'),
('SIK', 'MA', 'Sidi Kacem'),
('SIL', 'MA', 'Sidi Slimane'),
('SIN', 'EG', 'North Sinai'),
('SIN', 'MX', 'Sinaloa'),
('SIP', 'TT', 'Siparia Regional Corporation'),
('SIS', 'BF', 'Sissili Province'),
('SIY', 'AZ', 'Siazan District'),
('SJ', 'CR', 'San José Province'),
('SJ', 'GE', 'Samtskhe-Javakheti'),
('SJ', 'NI', 'Río San Juan'),
('SJ', 'OM', 'Ash Sharqiyah South'),
('SJ', 'PR', 'San Juan'),
('SJ', 'RO', 'S?laj County'),
('SJ', 'UY', 'San José Department'),
('SJ', 'VI', 'Saint John'),
('SJL', 'TT', 'San Juan-Laventille Regional Corporation'),
('SK', 'AL', 'Skrapar District'),
('SK', 'CA', 'Saskatchewan'),
('SK', 'CD', 'Sud-Kivu'),
('SK', 'ER', 'Northern Red Sea Region'),
('SK', 'GE', 'Shida Kartli'),
('SK', 'HU', 'Szolnok'),
('SK', 'IN', 'Sikkim'),
('SK', 'PL', '?wi?tokrzyskie Voivodeship'),
('SKH', 'MA', 'Skhirate-Témara'),
('SKP', 'GB', 'Stockport'),
('SKR', 'AZ', 'Shamkir District'),
('SL', 'CV', 'Sal'),
('SL', 'DE', 'Saarland'),
('SL', 'LA', 'Salavan Province'),
('SL', 'PL', 'Silesian Voivodeship'),
('SL', 'SN', 'Saint-Louis'),
('SLE', 'PH', 'Southern Leyte'),
('SLF', 'GB', 'Salford'),
('SLG', 'GB', 'Slough'),
('SLK', 'GB', 'South Lanarkshire'),
('SLP', 'MX', 'San Luis Potosí'),
('SLU', 'PH', 'Sulu'),
('SM', 'AZ', 'Sumqayit'),
('SM', 'CI', 'Sassandra-Marahoué District'),
('SM', 'CV', 'São Miguel'),
('SM', 'GT', 'San Marcos Department'),
('SM', 'RO', 'Satu Mare County'),
('SM', 'SV', 'San Miguel Department'),
('SMI', 'AZ', 'Shamakhi District'),
('SMI', 'BM', 'Smith\'s Parish,'),
('SMO', 'RU', 'Smolensk Oblast'),
('SMT', 'BF', 'Sanmatenga Province'),
('SMX', 'AZ', 'Samukh District'),
('SN', 'CN', 'Shaanxi'),
('SN', 'DE', 'Saxony'),
('SN', 'ET', 'Southern Nations, Nationalities, and Peoples\' Region'),
('SN', 'HU', 'Sopron'),
('SN', 'ID', 'Sulawesi Selatan'),
('SN', 'MD', 'Transnistria autonomous territorial unit'),
('SN', 'YE', 'Sana\'a'),
('SND', 'GB', 'City of Sunderland'),
('SNG', 'BF', 'Sanguié Province'),
('SO', 'BS', 'South Abaco'),
('SO', 'BW', 'Southern District'),
('SO', 'CH', 'Solothurn'),
('SO', 'CV', 'São Lourenço dos Órgãos'),
('SO', 'ES', 'Soria'),
('SO', 'ET', 'Somali Region'),
('SO', 'GT', 'Sololá Department'),
('SO', 'HU', 'Somogy County'),
('SO', 'IE', 'Sligo'),
('SO', 'IT', 'Sondrio'),
('SO', 'MD', 'Soroca District'),
('SO', 'NG', 'Sokoto'),
('SO', 'SV', 'Sonsonate Department'),
('SO', 'UY', 'Soriano Department'),
('SOL', 'GB', 'Solihull'),
('SOM', 'BF', 'Soum Province'),
('SOM', 'GB', 'Somerset'),
('SON', 'MX', 'Sonora'),
('SOR', 'BF', 'Sourou Province'),
('SOR', 'PH', 'Sorsogon'),
('SOS', 'GB', 'Southend-on-Sea'),
('SOU', 'BM', 'Southampton Parish'),
('SP', 'BR', 'São Paulo'),
('SP', 'BS', 'Sandy Point'),
('SP', 'IT', 'La Spezia'),
('SPE', 'RU', 'Saint Petersburg'),
('SR', 'AL', 'Sarandë District'),
('SR', 'AZ', 'Shirvan'),
('SR', 'BS', 'San Salvador and Rum Cay'),
('SR', 'GT', 'Santa Rosa Department'),
('SR', 'ID', 'Sulawesi Barat'),
('SR', 'IT', 'Siracusa'),
('SR', 'LY', 'Sirte District'),
('SRP', 'BA', 'Republika Srpska'),
('SRY', 'GB', 'Surrey'),
('SS', 'BS', 'San Salvador Island'),
('SS', 'ES', 'Gipuzkoa'),
('SS', 'HU', 'Szekszárd'),
('SS', 'ID', 'Sumatera Selatan'),
('SS', 'IT', 'Sassari'),
('SS', 'OM', 'Ash Sharqiyah North'),
('SS', 'SV', 'San Salvador Department'),
('ST', 'DE', 'Saxony-Anhalt'),
('ST', 'HU', 'Salgótarján'),
('ST', 'ID', 'Sulawesi Tengah'),
('ST', 'MD', 'Str??eni District'),
('ST', 'VI', 'Saint Thomas'),
('STA', 'RU', 'Stavropol Krai'),
('STB', 'GB', 'Strabane District Council'),
('STE', 'GB', 'City of Stoke-on-Trent'),
('STG', 'GB', 'Stirling'),
('STH', 'GB', 'City of Southampton'),
('STL', 'NZ', 'Southland Region'),
('STN', 'GB', 'London Borough of Sutton'),
('STS', 'GB', 'Staffordshire'),
('STT', 'GB', 'Stockton-on-Tees'),
('STY', 'GB', 'South Tyneside'),
('SU', 'AM', 'Syunik Province'),
('SU', 'CD', 'Sud-Ubangi'),
('SU', 'CM', 'South'),
('SU', 'GT', 'Suchitepéquez Department'),
('SU', 'ID', 'Sumatera Utara'),
('SU', 'IQ', 'Sulaymaniyah'),
('SU', 'IT', 'South Sardinia'),
('SU', 'MV', 'South Province'),
('SU', 'SY', 'As-Suwayda'),
('SU', 'TJ', 'Sughd Province'),
('SU', 'UZ', 'Surxondaryo Region'),
('SU', 'YE', 'Socotra'),
('SUC', 'CO', 'Sucre'),
('SUK', 'PH', 'Sultan Kudarat'),
('SUN', 'PH', 'Surigao del Norte'),
('SUR', 'PH', 'Surigao del Sur'),
('SUS', 'AZ', 'Shusha District'),
('SUZ', 'EG', 'Suez'),
('SV', 'CV', 'São Vicente'),
('SV', 'GH', 'Savannah'),
('SV', 'IT', 'Savona'),
('SV', 'LA', 'Savannakhet Province'),
('SV', 'MD', '?tefan Vod? District'),
('SV', 'RO', 'Suceava County'),
('SV', 'SV', 'San Vicente Department'),
('SVE', 'RU', 'Sverdlovsk'),
('SW', 'BS', 'Spanish Wells'),
('SW', 'CM', 'Southwest'),
('SWA', 'GB', 'City and County of Swansea'),
('SWD', 'GB', 'Swindon'),
('SWK', 'GB', 'London Borough of Southwark'),
('SX', 'CN', 'Shanxi'),
('SZ', 'CH', 'Schwyz'),
('SZ', 'GE', 'Samegrelo-Zemo Svaneti'),
('SZ', 'HU', 'Szabolcs-Szatmár-Bereg County'),
('T', 'AR', 'Tucumán'),
('T', 'BO', 'Tarija Department'),
('T', 'EC', 'Tungurahua'),
('T', 'ES', 'Tarragona'),
('T', 'KG', 'Talas Region'),
('T', 'MG', 'Antananarivo Province'),
('T', 'MH', 'Ratak Chain'),
('T', 'MZ', 'Tete Province'),
('T', 'SE', 'Örebro County'),
('T', 'VE', 'Trujillo'),
('TA', 'CD', 'Tanganyika'),
('TA', 'CL', 'Tarapacá'),
('TA', 'CV', 'Tarrafal'),
('TA', 'DJ', 'Tadjourah Region'),
('TA', 'IE', 'Tipperary'),
('TA', 'IL', 'Tel Aviv District'),
('TA', 'IT', 'Taranto'),
('TA', 'LT', 'Taurag? County'),
('TA', 'MD', 'Taraclia District'),
('TA', 'NG', 'Taraba'),
('TA', 'PK', 'Federally Administered Tribal Areas'),
('TA', 'PR', 'Trujillo Alto'),
('TA', 'RU', 'Republic of Tatarstan'),
('TA', 'SK', 'Trnava Region'),
('TA', 'SY', 'Tartus'),
('TA', 'TD', 'Tandjilé'),
('TA', 'UY', 'Tacuarembó Department'),
('TA', 'YE', 'Ta\'izz'),
('TAB', 'MX', 'Tabasco'),
('TAC', 'PE', 'Tacna'),
('TAE', 'VU', 'Tafea'),
('TAF', 'MA', 'Tarfaya (EH-partial)'),
('TAI', 'MA', 'Taourirt'),
('TAK', 'AF', 'Takhar'),
('TAM', 'GB', 'Tameside'),
('TAM', 'MX', 'Tamaulipas'),
('TAM', 'RU', 'Tambov Oblast'),
('TAO', 'MA', 'Taounate'),
('TAO', 'TW', 'Taoyuan'),
('TAP', 'BF', 'Tapoa Province'),
('TAR', 'AZ', 'Tartar District'),
('TAR', 'MA', 'Taroudannt'),
('TAR', 'PH', 'Tarlac'),
('TAS', 'AU', 'Tasmania'),
('TAS', 'NZ', 'Tasman District'),
('TAT', 'MA', 'Tata'),
('TAW', 'PH', 'Tawi-Tawi'),
('TAZ', 'MA', 'Taza'),
('TB', 'GE', 'Tbilisi'),
('TB', 'HU', 'Tatabánya'),
('TB', 'LY', 'Tripoli District'),
('TB', 'PR', 'Toa Baja'),
('TC', 'SK', 'Tren?ín Region'),
('TC', 'SN', 'Tambacounda Region'),
('TE', 'AL', 'Tepelenë District'),
('TE', 'BN', 'Temburong District'),
('TE', 'ES', 'Teruel'),
('TE', 'GN', 'Télimélé Prefecture'),
('TE', 'IT', 'Teramo'),
('TE', 'LT', 'Telšiai County'),
('TE', 'MD', 'Telene?ti District'),
('TE', 'SB', 'Temotu Province'),
('TET', 'MA', 'Tétouan'),
('TF', 'ES', 'Santa Cruz de Tenerife'),
('TF', 'FR', 'French Southern and Antarctic Lands'),
('TFW', 'GB', 'Telford and Wrekin'),
('TG', 'CH', 'Thurgau'),
('TG', 'IN', 'Telangana'),
('TH', 'DE', 'Thuringia'),
('TH', 'MW', 'Thyolo District'),
('TH', 'SN', 'Thiès Region'),
('THR', 'GB', 'Thurrock'),
('TI', 'CH', 'Ticino'),
('TI', 'ET', 'Tigray Region'),
('TI', 'TD', 'Tibesti'),
('TIN', 'MA', 'Tinghir'),
('TIZ', 'MA', 'Tiznit'),
('TJ', 'CN', 'Tianjin'),
('TK', 'UZ', 'Tashkent'),
('TKI', 'NZ', 'Taranaki Region'),
('TL', 'RO', 'Tulcea County'),
('TLA', 'MX', 'Tlaxcala'),
('TM', 'RO', 'Timi? County'),
('TN', 'IN', 'Tamil Nadu'),
('TN', 'IT', 'Trentino'),
('TN', 'US', 'Tennessee'),
('TNG', 'MA', 'Tanger-Assilah'),
('TNN', 'TW', 'Tainan'),
('TNT', 'MA', 'Tan-Tan (EH-partial)'),
('TO', 'BR', 'Tocantins'),
('TO', 'CD', 'Tshopo'),
('TO', 'ES', 'Toledo'),
('TO', 'GN', 'Tougué Prefecture'),
('TO', 'GT', 'Totonicapán Department'),
('TO', 'GW', 'Tombali Region'),
('TO', 'HU', 'Tolna County'),
('TO', 'IT', 'Turin'),
('TO', 'SO', 'Togdheer Region'),
('TO', 'UZ', 'Tashkent Region'),
('TOB', 'GB', 'Torbay'),
('TOB', 'VU', 'Torba'),
('TOF', 'GB', 'Torfaen'),
('TOL', 'BZ', 'Toledo District'),
('TOL', 'CO', 'Tolima'),
('TOM', 'RU', 'Tomsk Oblast'),
('TOV', 'AZ', 'Tovuz District'),
('TP', 'AL', 'Tropojë District'),
('TP', 'IT', 'Trapani'),
('TPE', 'TW', 'Taipei'),
('TR', 'AL', 'Tirana District'),
('TR', 'IN', 'Tripura'),
('TR', 'IT', 'Terni'),
('TR', 'RO', 'Teleorman County'),
('TRF', 'GB', 'Trafford'),
('TRK', 'FM', 'Chuuk State'),
('TS', 'CV', 'Tarrafal de São Nicolau'),
('TS', 'IT', 'Trieste'),
('TT', 'UY', 'Treinta y Tres Department'),
('TTT', 'TW', 'Taitung'),
('TU', 'BN', 'Tutong District'),
('TU', 'CD', 'Tshuapa'),
('TU', 'WS', 'Tuamasaga'),
('TUI', 'BF', 'Tuy Province'),
('TUL', 'RU', 'Tula Oblast'),
('TUM', 'PE', 'Tumbes'),
('TUP', 'TT', 'Tunapuna-Piarco Regional Corporation'),
('TV', 'AM', 'Tavush Region'),
('TV', 'GH', 'Volta'),
('TV', 'IT', 'Treviso'),
('TVE', 'RU', 'Tver Oblast'),
('TW', 'CN', 'Taiwan'),
('TWH', 'GB', 'London Borough of Tower Hamlets'),
('TX', 'US', 'Texas'),
('TXG', 'TW', 'Taichung'),
('TY', 'RU', 'Tuva Republic'),
('TYU', 'RU', 'Tyumen Oblast'),
('U', 'AR', 'Chubut'),
('U', 'EC', 'Sucumbíos'),
('U', 'GM', 'Upper River Division'),
('U', 'IE', 'Ulster'),
('U', 'MG', 'Toliara Province'),
('U', 'SE', 'Västmanland County'),
('U', 'VE', 'Yaracuy'),
('UA-40', 'RU', 'Sevastopol'),
('UCA', 'AZ', 'Ujar District'),
('UCA', 'PE', 'Ucayali'),
('UD', 'GY', 'Upper Demerara-Berbice'),
('UD', 'IT', 'Udine'),
('UD', 'RU', 'Udmurt Republic'),
('UE', 'GH', 'Upper East'),
('UIG', 'AO', 'Uíge Province'),
('UK', 'CF', 'Ouaka Prefecture'),
('UKM', 'GB', 'United Kingdom'),
('ULY', 'RU', 'Ulyanovsk Oblast'),
('UM', 'US', 'United States Minor Outlying Islands'),
('UM-67', 'US', 'Johnston Atoll'),
('UM-71', 'US', 'Midway Atoll'),
('UM-76', 'US', 'Navassa Island'),
('UM-79', 'US', 'Wake Island'),
('UM-81', 'US', 'Baker Island'),
('UM-84', 'US', 'Howland Island'),
('UM-86', 'US', 'Jarvis Island'),
('UM-89', 'US', 'Kingman Reef'),
('UM-95', 'US', 'Palmyra Atoll'),
('UN', 'MD', 'Ungheni District'),
('UN', 'SV', 'La Unión Department'),
('UP', 'IN', 'Uttar Pradesh'),
('UQ', 'AE', 'Umm al-Quwain'),
('UR', 'CH', 'Uri'),
('URU', 'AF', 'Urozgan'),
('US', 'MV', 'Upper South Province'),
('US', 'QA', 'Umm Salal Municipality'),
('US', 'SV', 'Usulután Department'),
('UT', 'GY', 'Upper Takutu-Upper Essequibo'),
('UT', 'IN', 'Uttarakhand'),
('UT', 'LT', 'Utena County'),
('UT', 'NL', 'Utrecht'),
('UT', 'US', 'Utah'),
('UW', 'GH', 'Upper West'),
('UY', 'SS', 'Unity'),
('V', 'AR', 'Tierra del Fuego'),
('V', 'ES', 'Valencia'),
('V', 'VE', 'Zulia'),
('VA', 'ES', 'Valladolid'),
('VA', 'HN', 'Valle Department'),
('VA', 'HU', 'Vas County'),
('VA', 'IT', 'Varese'),
('VA', 'US', 'Virginia'),
('VAC', 'CO', 'Valle del Cauca'),
('VAI', 'TV', 'Vaitupu'),
('VAN', 'BE', 'Antwerp'),
('VAU', 'CO', 'Vaupés'),
('VB', 'CI', 'Vallée du Bandama District'),
('VB', 'IT', 'Verbano-Cusio-Ossola'),
('VBR', 'BE', 'Flemish Brabant'),
('VC', 'IT', 'Vercelli'),
('VD', 'AM', 'Vayots Dzor Region'),
('VD', 'CH', 'Vaud'),
('VD', 'LU', 'Canton of Vianden'),
('VE', 'HU', 'Veszprém County'),
('VE', 'IT', 'Venice'),
('VEN', 'LV', 'Ventspils'),
('VER', 'MX', 'Veracruz de Ignacio de la Llave'),
('VF', 'WS', 'Va\'a-o-Fonoti'),
('VGG', 'RU', 'Volgograd Oblast'),
('VGL', 'GB', 'Vale of Glamorgan'),
('VI', 'BY', 'Vitebsk Region'),
('VI', 'ES', 'Araba'),
('VI', 'IT', 'Vicenza'),
('VI', 'LA', 'Vientiane Province'),
('VI', 'TL', 'Viqueque Municipality'),
('VI', 'US', 'United States Virgin Islands'),
('VIC', 'AU', 'Victoria'),
('VID', 'CO', 'Vichada'),
('VK', 'CF', 'Vakaga Prefecture'),
('VL', 'AL', 'Vlorë District'),
('VL', 'LT', 'Vilnius County'),
('VL', 'RO', 'Vâlcea County'),
('VLA', 'RU', 'Vladimir Oblast'),
('VLG', 'BE', 'Flanders'),
('VLG', 'RU', 'Vologda Oblast'),
('VLI', 'BE', 'Limburg'),
('VM', 'HU', 'Veszprém'),
('VMR', 'LV', 'Valmiera'),
('VN', 'RO', 'Vrancea County'),
('VO', 'RS', 'Vojvodina'),
('VOR', 'RU', 'Voronezh Oblast'),
('VOS', 'KZ', 'East Kazakhstan Region'),
('VOV', 'BE', 'East Flanders'),
('VP', 'MU', 'Vacoas-Phoenix'),
('VR', 'IT', 'Verona'),
('VS', 'CH', 'Valais'),
('VS', 'CL', 'Valparaíso'),
('VS', 'IT', 'Medio Campidano'),
('VS', 'RO', 'Vaslui County'),
('VS', 'WS', 'Vaisigano'),
('VT', 'IT', 'Viterbo'),
('VT', 'LA', 'Vientiane Prefecture'),
('VT', 'US', 'Vermont'),
('VV', 'IT', 'Vibo Valentia'),
('VWV', 'BE', 'West Flanders'),
('W', 'AR', 'Corrientes'),
('W', 'EC', 'Galápagos'),
('W', 'FJ', 'Western Division'),
('W', 'GM', 'West Coast Division'),
('W', 'SE', 'Dalarna County'),
('W', 'SL', 'Western Area'),
('W', 'UG', 'Western Region'),
('W', 'VE', 'Federal Dependencies of Venezuela'),
('WA', 'AU', 'Western Australia'),
('WA', 'IQ', 'Wasit'),
('WA', 'LY', 'Al Wahat District'),
('WA', 'QA', 'Al Wakrah'),
('WA', 'SR', 'Wanica District'),
('WA', 'US', 'Washington'),
('WAD', 'EG', 'New Valley'),
('WAL', 'BE', 'Wallonia'),
('WAR', 'BM', 'Warwick Parish'),
('WAR', 'GB', 'Warwickshire'),
('WB', 'IN', 'West Bengal'),
('WBK', 'GB', 'West Berkshire'),
('WBK', 'PG', 'West New Britain Province'),
('WBR', 'BE', 'Walloon Brabant'),
('WC', 'ZA', 'Western Cape'),
('WD', 'IE', 'Waterford'),
('WD', 'LY', 'Wadi al Hayaa District'),
('WDU', 'GB', 'West Dunbartonshire'),
('WE', 'SB', 'Western Province'),
('WF', 'FR', 'Wallis and Futuna'),
('WF', 'TD', 'Wadi Fira'),
('WFT', 'GB', 'London Borough of Waltham Forest'),
('WG', 'BS', 'West Grand Bahama'),
('WGN', 'GB', 'Metropolitan Borough of Wigan'),
('WGN', 'NZ', 'Wellington Region'),
('WH', 'IE', 'Westmeath'),
('WHM', 'PG', 'Western Highlands Province'),
('WHT', 'BE', 'Hainaut'),
('WI', 'LU', 'Canton of Wiltz'),
('WI', 'US', 'Wisconsin'),
('WIL', 'GB', 'Wiltshire'),
('WKF', 'GB', 'Wakefield'),
('WKO', 'NZ', 'Waikato Region'),
('WLG', 'BE', 'Liège'),
('WLL', 'GB', 'Walsall'),
('WLN', 'GB', 'West Lothian'),
('WLS', 'GB', 'Wales'),
('WLV', 'GB', 'City of Wolverhampton'),
('WLX', 'BE', 'Luxembourg'),
('WN', 'GH', 'Western North'),
('WN', 'GQ', 'Wele-Nzas Province'),
('WN', 'PL', 'Warmian-Masurian Voivodeship'),
('WNA', 'BE', 'Namur'),
('WND', 'GB', 'London Borough of Wandsworth'),
('WNM', 'GB', 'Windsor and Maidenhead'),
('WOK', 'GB', 'Wokingham'),
('WOR', 'GB', 'Worcestershire'),
('WP', 'GH', 'Western'),
('WP', 'PL', 'Greater Poland Voivodeship'),
('WPD', 'PG', 'Western Province'),
('WR', 'CI', 'Woroba District'),
('WR', 'SS', 'Warrap'),
('WRL', 'GB', 'Wirral'),
('WRT', 'GB', 'Warrington'),
('WRX', 'GB', 'Wrexham County Borough'),
('WS', 'LY', 'Wadi al Shatii District'),
('WSA', 'PH', 'Western Samar'),
('WSM', 'GB', 'City of Westminster'),
('WSX', 'GB', 'West Sussex'),
('WTC', 'NZ', 'West Coast Region'),
('WTO', 'TT', 'Western Tobago'),
('WU', 'OM', 'Al Wusta'),
('WV', 'US', 'West Virginia'),
('WW', 'IE', 'Wicklow'),
('WX', 'IE', 'Wexford'),
('WY', 'US', 'Wyoming'),
('X', 'AR', 'Córdoba'),
('X', 'EC', 'Cotopaxi'),
('X', 'SE', 'Gävleborg County'),
('X', 'VE', 'La Guaira'),
('XA', 'LA', 'Sainyabuli Province'),
('XAC', 'AZ', 'Khachmaz District'),
('XCI', 'AZ', 'Khojali District'),
('XDG', 'XK', '?akovica District (Gjakove)'),
('XE', 'LA', 'Sekong Province'),
('XGJ', 'XK', 'Gjilan District'),
('XI', 'LA', 'Xiangkhouang Province'),
('XIZ', 'AZ', 'Khizi District'),
('XJ', 'CN', 'Xinjiang'),
('XKM', 'XK', 'Kosovska Mitrovica District'),
('XN', 'LA', 'Xaisomboun'),
('XO', 'UZ', 'Xorazm Region'),
('XPE', 'XK', 'Pe? District'),
('XPI', 'XK', 'Pristina (Pri?tine)'),
('XPR', 'XK', 'Prizren District'),
('XS', 'LA', 'Xaisomboun Province'),
('XUF', 'XK', 'Uroševac District (Ferizaj)'),
('XVD', 'AZ', 'Martuni'),
('XZ', 'CN', 'Xizang'),
('Y', 'AR', 'Jujuy'),
('Y', 'EC', 'Pastaza'),
('Y', 'KG', 'Issyk-Kul Region'),
('Y', 'SE', 'Västernorrland County'),
('Y', 'VE', 'Delta Amacuro'),
('YAG', 'BF', 'Yagha Province'),
('YAN', 'RU', 'Yamalo-Nenets Autonomous Okrug'),
('YAP', 'FM', 'Yap State'),
('YAR', 'AZ', 'Yardymli District'),
('YAR', 'RU', 'Yaroslavl Oblast'),
('YAT', 'BF', 'Yatenga Province'),
('YE', 'AZ', 'Yevlakh'),
('YEV', 'AZ', 'Yevlakh District'),
('YEV', 'RU', 'Jewish Autonomous Oblast'),
('YM', 'CI', 'Yamoussoukro'),
('YN', 'CN', 'Yunnan'),
('YO', 'GN', 'Yomou Prefecture'),
('YO', 'HN', 'Yoro Department'),
('YO', 'ID', 'DI Yogyakarta'),
('YO', 'NG', 'Yobe'),
('YOR', 'GB', 'City of York'),
('YT', 'CA', 'Yukon'),
('YUC', 'MX', 'Yucatán'),
('YUN', 'TW', 'Yunlin'),
('YUS', 'MA', 'Youssoufia'),
('YUZ', 'KZ', 'Turkestan Region'),
('Z', 'AR', 'Santa Cruz'),
('Z', 'EC', 'Zamora Chinchipe'),
('Z', 'ES', 'Zaragoza'),
('Z', 'IL', 'Northern District'),
('Z', 'VE', 'Amazonas'),
('ZA', 'ES', 'Zamora'),
('ZA', 'HU', 'Zala County'),
('ZA', 'LY', 'Zawiya District'),
('ZA', 'NG', 'Zamfara'),
('ZA', 'OM', 'Ad Dhahirah'),
('ZA', 'QA', 'Al Daayen'),
('ZAB', 'AF', 'Zabul'),
('ZAB', 'RU', 'Zabaykalsky Krai'),
('ZAC', 'MX', 'Zacatecas'),
('ZAG', 'MA', 'Zagora'),
('ZAI', 'AO', 'Zaire Province'),
('ZAN', 'AZ', 'Zangilan District'),
('ZAN', 'PH', 'Zamboanga del Norte'),
('ZAP', 'KZ', 'West Kazakhstan Province'),
('ZAQ', 'AZ', 'Zaqatala District'),
('ZAR', 'AZ', 'Zardab District'),
('ZAS', 'PH', 'Zamboanga del Sur'),
('ZE', 'HU', 'Zalaegerszeg'),
('ZE', 'NL', 'Zeeland'),
('ZET', 'GB', 'Shetland Islands'),
('ZG', 'CH', 'Zug'),
('ZG', 'SN', 'Ziguinchor'),
('ZH', 'CH', 'Zürich'),
('ZH', 'NL', 'South Holland'),
('ZHA', 'KZ', 'Jambyl Region'),
('ZI', 'SK', 'Žilina Region'),
('ZIR', 'BF', 'Ziro Province'),
('ZJ', 'CN', 'Zhejiang'),
('ZMB', 'PH', 'Zambales'),
('ZO', 'BJ', 'Zou Department'),
('ZO', 'MW', 'Zomba District'),
('ZON', 'BF', 'Zondoma Province'),
('ZOU', 'BF', 'Zoundwéogo Province'),
('ZP', 'PL', 'West Pomeranian Voivodeship'),
('ZSI', 'PH', 'Zamboanga Sibugay'),
('ZU', 'OM', 'Dhofar'),
('ZZ', 'CI', 'Zanzan Region');

--
-- Indexes for dumped tables
--

--
-- Indexes for table `assignstore`
--
ALTER TABLE `assignstore`
  ADD PRIMARY KEY (`username`,`storeid`),
  ADD KEY `storeid` (`storeid`),
  ADD KEY `userid` (`userid`);

--
-- Indexes for table `guide`
--
ALTER TABLE `guide`
  ADD PRIMARY KEY (`id`),
  ADD KEY `userid` (`userid`);

--
-- Indexes for table `items`
--
ALTER TABLE `items`
  ADD PRIMARY KEY (`id`),
  ADD KEY `userid` (`userid`);

--
-- Indexes for table `items_harga`
--
ALTER TABLE `items_harga`
  ADD PRIMARY KEY (`id`),
  ADD KEY `id_items` (`id_items`),
  ADD KEY `userid` (`userid`);

--
-- Indexes for table `items_promo`
--
ALTER TABLE `items_promo`
  ADD PRIMARY KEY (`id`),
  ADD KEY `userid` (`userid`);

--
-- Indexes for table `kas`
--
ALTER TABLE `kas`
  ADD PRIMARY KEY (`id`),
  ADD KEY `userid` (`userid`),
  ADD KEY `store_id` (`store_id`);

--
-- Indexes for table `laundry`
--
ALTER TABLE `laundry`
  ADD PRIMARY KEY (`id`),
  ADD KEY `userid` (`userid`);

--
-- Indexes for table `laundry_detail`
--
ALTER TABLE `laundry_detail`
  ADD PRIMARY KEY (`id`),
  ADD KEY `laundry_id` (`laundry_id`),
  ADD KEY `items_id` (`items_id`);

--
-- Indexes for table `paket`
--
ALTER TABLE `paket`
  ADD PRIMARY KEY (`id`),
  ADD KEY `userid` (`userid`);

--
-- Indexes for table `paket_detail`
--
ALTER TABLE `paket_detail`
  ADD PRIMARY KEY (`id_paket`,`id_produk`),
  ADD KEY `id_produk` (`id_produk`);

--
-- Indexes for table `paket_harga`
--
ALTER TABLE `paket_harga`
  ADD PRIMARY KEY (`id`),
  ADD KEY `id_paket` (`id_paket`),
  ADD KEY `userid` (`userid`);

--
-- Indexes for table `paket_promo`
--
ALTER TABLE `paket_promo`
  ADD PRIMARY KEY (`id`),
  ADD KEY `id_paket` (`id_paket`),
  ADD KEY `userid` (`userid`);

--
-- Indexes for table `pengayah`
--
ALTER TABLE `pengayah`
  ADD PRIMARY KEY (`id`),
  ADD KEY `userid` (`userid`);

--
-- Indexes for table `pengguna`
--
ALTER TABLE `pengguna`
  ADD PRIMARY KEY (`username`);

--
-- Indexes for table `pengunjung`
--
ALTER TABLE `pengunjung`
  ADD PRIMARY KEY (`id`),
  ADD KEY `pengunjung_ibfk1` (`state_id`),
  ADD KEY `pengunjung_ibfk2` (`userid`),
  ADD KEY `country_code` (`country_code`),
  ADD KEY `pengunjung_ibfk_3` (`state_id`,`country_code`);

--
-- Indexes for table `penjualan`
--
ALTER TABLE `penjualan`
  ADD PRIMARY KEY (`id`),
  ADD KEY `pengayah_id` (`pengayah_id`),
  ADD KEY `guide_id` (`guide_id`),
  ADD KEY `penjualan_ibfk_3` (`userid`);

--
-- Indexes for table `penjualan_detail`
--
ALTER TABLE `penjualan_detail`
  ADD PRIMARY KEY (`id`),
  ADD KEY `id_transaksi` (`id_transaksi`);

--
-- Indexes for table `penjualan_pengunjung`
--
ALTER TABLE `penjualan_pengunjung`
  ADD KEY `id_pengunjung` (`id_pengunjung`),
  ADD KEY `penjualan_pengunjung_ibfk_1` (`id_detail`),
  ADD KEY `id_reservasi` (`id_reservasi`);

--
-- Indexes for table `penyesuaian`
--
ALTER TABLE `penyesuaian`
  ADD PRIMARY KEY (`id`),
  ADD KEY `userid` (`userid`),
  ADD KEY `id_items` (`id_items`),
  ADD KEY `store_id` (`store_id`);

--
-- Indexes for table `produk`
--
ALTER TABLE `produk`
  ADD PRIMARY KEY (`id`),
  ADD KEY `userid` (`userid`);

--
-- Indexes for table `produk_detail`
--
ALTER TABLE `produk_detail`
  ADD PRIMARY KEY (`id_produk`,`id_items`),
  ADD KEY `id_items` (`id_items`);

--
-- Indexes for table `produk_harga`
--
ALTER TABLE `produk_harga`
  ADD PRIMARY KEY (`id`),
  ADD KEY `userid` (`userid`),
  ADD KEY `id_produk` (`id_produk`);

--
-- Indexes for table `produk_promo`
--
ALTER TABLE `produk_promo`
  ADD PRIMARY KEY (`id`),
  ADD KEY `id_produk` (`id_produk`),
  ADD KEY `userid` (`userid`);

--
-- Indexes for table `reservasi`
--
ALTER TABLE `reservasi`
  ADD PRIMARY KEY (`id`),
  ADD KEY `pengayah_id` (`pengayah_id`),
  ADD KEY `guide_id` (`guide_id`),
  ADD KEY `userid` (`userid`),
  ADD KEY `namatamu` (`namatamu`);

--
-- Indexes for table `reservasi_detail`
--
ALTER TABLE `reservasi_detail`
  ADD PRIMARY KEY (`id`),
  ADD KEY `id_transaksi` (`id_transaksi`);

--
-- Indexes for table `reservasi_pengunjung`
--
ALTER TABLE `reservasi_pengunjung`
  ADD KEY `reservasi_pengunjung_ibfk_1` (`id_detail`);

--
-- Indexes for table `store`
--
ALTER TABLE `store`
  ADD PRIMARY KEY (`id`),
  ADD KEY `userid` (`userid`);

--
-- Indexes for table `store_transaksi`
--
ALTER TABLE `store_transaksi`
  ADD PRIMARY KEY (`id`);

--
-- Indexes for table `store_transaksi_detail`
--
ALTER TABLE `store_transaksi_detail`
  ADD KEY `id_transaksi` (`id_transaksi`),
  ADD KEY `id_produk` (`id_produk`);

--
-- Indexes for table `tbl_country`
--
ALTER TABLE `tbl_country`
  ADD PRIMARY KEY (`code`);

--
-- Indexes for table `tbl_state`
--
ALTER TABLE `tbl_state`
  ADD PRIMARY KEY (`state_code`,`country_code`),
  ADD KEY `tbl_state_ibfk_1` (`country_code`);

--
-- AUTO_INCREMENT for dumped tables
--

--
-- AUTO_INCREMENT for table `guide`
--
ALTER TABLE `guide`
  MODIFY `id` int(11) NOT NULL AUTO_INCREMENT, AUTO_INCREMENT=11;

--
-- AUTO_INCREMENT for table `items`
--
ALTER TABLE `items`
  MODIFY `id` int(11) NOT NULL AUTO_INCREMENT, AUTO_INCREMENT=21;

--
-- AUTO_INCREMENT for table `items_harga`
--
ALTER TABLE `items_harga`
  MODIFY `id` int(11) NOT NULL AUTO_INCREMENT, AUTO_INCREMENT=24;

--
-- AUTO_INCREMENT for table `items_promo`
--
ALTER TABLE `items_promo`
  MODIFY `id` int(11) NOT NULL AUTO_INCREMENT;

--
-- AUTO_INCREMENT for table `kas`
--
ALTER TABLE `kas`
  MODIFY `id` int(11) NOT NULL AUTO_INCREMENT;

--
-- AUTO_INCREMENT for table `laundry`
--
ALTER TABLE `laundry`
  MODIFY `id` int(11) NOT NULL AUTO_INCREMENT;

--
-- AUTO_INCREMENT for table `laundry_detail`
--
ALTER TABLE `laundry_detail`
  MODIFY `id` int(11) NOT NULL AUTO_INCREMENT;

--
-- AUTO_INCREMENT for table `paket`
--
ALTER TABLE `paket`
  MODIFY `id` int(11) NOT NULL AUTO_INCREMENT, AUTO_INCREMENT=11;

--
-- AUTO_INCREMENT for table `paket_harga`
--
ALTER TABLE `paket_harga`
  MODIFY `id` int(11) NOT NULL AUTO_INCREMENT, AUTO_INCREMENT=11;

--
-- AUTO_INCREMENT for table `paket_promo`
--
ALTER TABLE `paket_promo`
  MODIFY `id` int(11) NOT NULL AUTO_INCREMENT;

--
-- AUTO_INCREMENT for table `pengayah`
--
ALTER TABLE `pengayah`
  MODIFY `id` int(11) NOT NULL AUTO_INCREMENT, AUTO_INCREMENT=10;

--
-- AUTO_INCREMENT for table `pengunjung`
--
ALTER TABLE `pengunjung`
  MODIFY `id` int(11) NOT NULL AUTO_INCREMENT, AUTO_INCREMENT=14;

--
-- AUTO_INCREMENT for table `penjualan`
--
ALTER TABLE `penjualan`
  MODIFY `id` int(10) NOT NULL AUTO_INCREMENT, AUTO_INCREMENT=15;

--
-- AUTO_INCREMENT for table `penjualan_detail`
--
ALTER TABLE `penjualan_detail`
  MODIFY `id` int(11) NOT NULL AUTO_INCREMENT, AUTO_INCREMENT=26;

--
-- AUTO_INCREMENT for table `penyesuaian`
--
ALTER TABLE `penyesuaian`
  MODIFY `id` int(11) NOT NULL AUTO_INCREMENT, AUTO_INCREMENT=6;

--
-- AUTO_INCREMENT for table `produk`
--
ALTER TABLE `produk`
  MODIFY `id` int(11) NOT NULL AUTO_INCREMENT, AUTO_INCREMENT=32;

--
-- AUTO_INCREMENT for table `produk_harga`
--
ALTER TABLE `produk_harga`
  MODIFY `id` int(11) NOT NULL AUTO_INCREMENT, AUTO_INCREMENT=60;

--
-- AUTO_INCREMENT for table `produk_promo`
--
ALTER TABLE `produk_promo`
  MODIFY `id` int(11) NOT NULL AUTO_INCREMENT;

--
-- AUTO_INCREMENT for table `reservasi`
--
ALTER TABLE `reservasi`
  MODIFY `id` int(10) NOT NULL AUTO_INCREMENT, AUTO_INCREMENT=2;

--
-- AUTO_INCREMENT for table `reservasi_detail`
--
ALTER TABLE `reservasi_detail`
  MODIFY `id` int(11) NOT NULL AUTO_INCREMENT, AUTO_INCREMENT=6;

--
-- AUTO_INCREMENT for table `store`
--
ALTER TABLE `store`
  MODIFY `id` int(11) NOT NULL AUTO_INCREMENT, AUTO_INCREMENT=6;

--
-- AUTO_INCREMENT for table `store_transaksi`
--
ALTER TABLE `store_transaksi`
  MODIFY `id` int(11) NOT NULL AUTO_INCREMENT, AUTO_INCREMENT=4;

--
-- Constraints for dumped tables
--

--
-- Constraints for table `assignstore`
--
ALTER TABLE `assignstore`
  ADD CONSTRAINT `assignstore_ibfk_1` FOREIGN KEY (`username`) REFERENCES `pengguna` (`username`),
  ADD CONSTRAINT `assignstore_ibfk_2` FOREIGN KEY (`storeid`) REFERENCES `store` (`id`),
  ADD CONSTRAINT `assignstore_ibfk_3` FOREIGN KEY (`userid`) REFERENCES `pengguna` (`username`);

--
-- Constraints for table `guide`
--
ALTER TABLE `guide`
  ADD CONSTRAINT `guide_ibfk_1` FOREIGN KEY (`userid`) REFERENCES `pengguna` (`username`);

--
-- Constraints for table `items`
--
ALTER TABLE `items`
  ADD CONSTRAINT `items_ibfk_1` FOREIGN KEY (`userid`) REFERENCES `pengguna` (`username`);

--
-- Constraints for table `items_harga`
--
ALTER TABLE `items_harga`
  ADD CONSTRAINT `items_harga_ibfk_1` FOREIGN KEY (`id_items`) REFERENCES `items` (`id`),
  ADD CONSTRAINT `items_harga_ibfk_2` FOREIGN KEY (`userid`) REFERENCES `pengguna` (`username`);

--
-- Constraints for table `items_promo`
--
ALTER TABLE `items_promo`
  ADD CONSTRAINT `items_promo_ibfk_1` FOREIGN KEY (`userid`) REFERENCES `pengguna` (`username`);

--
-- Constraints for table `kas`
--
ALTER TABLE `kas`
  ADD CONSTRAINT `kas_ibfk_1` FOREIGN KEY (`userid`) REFERENCES `pengguna` (`username`),
  ADD CONSTRAINT `kas_ibfk_2` FOREIGN KEY (`store_id`) REFERENCES `store` (`id`);

--
-- Constraints for table `laundry`
--
ALTER TABLE `laundry`
  ADD CONSTRAINT `laundry_ibfk_1` FOREIGN KEY (`userid`) REFERENCES `pengguna` (`username`);

--
-- Constraints for table `laundry_detail`
--
ALTER TABLE `laundry_detail`
  ADD CONSTRAINT `laundry_detail_ibfk_1` FOREIGN KEY (`laundry_id`) REFERENCES `laundry` (`id`),
  ADD CONSTRAINT `laundry_detail_ibfk_2` FOREIGN KEY (`items_id`) REFERENCES `items` (`id`);

--
-- Constraints for table `paket`
--
ALTER TABLE `paket`
  ADD CONSTRAINT `paket_ibfk_1` FOREIGN KEY (`userid`) REFERENCES `pengguna` (`username`);

--
-- Constraints for table `paket_detail`
--
ALTER TABLE `paket_detail`
  ADD CONSTRAINT `paket_detail_ibfk_1` FOREIGN KEY (`id_paket`) REFERENCES `paket` (`id`),
  ADD CONSTRAINT `paket_detail_ibfk_2` FOREIGN KEY (`id_produk`) REFERENCES `produk` (`id`);

--
-- Constraints for table `paket_harga`
--
ALTER TABLE `paket_harga`
  ADD CONSTRAINT `paket_harga_ibfk_1` FOREIGN KEY (`id_paket`) REFERENCES `paket` (`id`),
  ADD CONSTRAINT `paket_harga_ibfk_2` FOREIGN KEY (`userid`) REFERENCES `pengguna` (`username`);

--
-- Constraints for table `paket_promo`
--
ALTER TABLE `paket_promo`
  ADD CONSTRAINT `paket_promo_ibfk_1` FOREIGN KEY (`id_paket`) REFERENCES `paket` (`id`),
  ADD CONSTRAINT `paket_promo_ibfk_2` FOREIGN KEY (`userid`) REFERENCES `pengguna` (`username`);

--
-- Constraints for table `pengayah`
--
ALTER TABLE `pengayah`
  ADD CONSTRAINT `pengayah_ibfk_1` FOREIGN KEY (`userid`) REFERENCES `pengguna` (`username`);

--
-- Constraints for table `pengunjung`
--
ALTER TABLE `pengunjung`
  ADD CONSTRAINT `pengunjung_ibfk2` FOREIGN KEY (`userid`) REFERENCES `pengguna` (`username`),
  ADD CONSTRAINT `pengunjung_ibfk_3` FOREIGN KEY (`state_id`,`country_code`) REFERENCES `tbl_state` (`state_code`, `country_code`);

--
-- Constraints for table `penjualan`
--
ALTER TABLE `penjualan`
  ADD CONSTRAINT `penjualan_ibfk_1` FOREIGN KEY (`pengayah_id`) REFERENCES `pengayah` (`id`),
  ADD CONSTRAINT `penjualan_ibfk_2` FOREIGN KEY (`guide_id`) REFERENCES `guide` (`id`),
  ADD CONSTRAINT `penjualan_ibfk_3` FOREIGN KEY (`userid`) REFERENCES `pengguna` (`username`);

--
-- Constraints for table `penjualan_detail`
--
ALTER TABLE `penjualan_detail`
  ADD CONSTRAINT `penjualan_detail_ibfk_1` FOREIGN KEY (`id_transaksi`) REFERENCES `penjualan` (`id`) ON DELETE CASCADE;

--
-- Constraints for table `penjualan_pengunjung`
--
ALTER TABLE `penjualan_pengunjung`
  ADD CONSTRAINT `penjualan_pengunjung_ibfk_1` FOREIGN KEY (`id_detail`) REFERENCES `penjualan_detail` (`id`) ON DELETE CASCADE,
  ADD CONSTRAINT `penjualan_pengunjung_ibfk_2` FOREIGN KEY (`id_pengunjung`) REFERENCES `pengunjung` (`id`),
  ADD CONSTRAINT `penjualan_pengunjung_ibfk_3` FOREIGN KEY (`id_reservasi`) REFERENCES `reservasi` (`id`);

--
-- Constraints for table `penyesuaian`
--
ALTER TABLE `penyesuaian`
  ADD CONSTRAINT `penyesuaian_ibfk_1` FOREIGN KEY (`userid`) REFERENCES `pengguna` (`username`),
  ADD CONSTRAINT `penyesuaian_ibfk_2` FOREIGN KEY (`id_items`) REFERENCES `items` (`id`),
  ADD CONSTRAINT `penyesuaian_ibfk_3` FOREIGN KEY (`store_id`) REFERENCES `store` (`id`);

--
-- Constraints for table `produk`
--
ALTER TABLE `produk`
  ADD CONSTRAINT `produk_ibfk_1` FOREIGN KEY (`userid`) REFERENCES `pengguna` (`username`);

--
-- Constraints for table `produk_detail`
--
ALTER TABLE `produk_detail`
  ADD CONSTRAINT `produk_detail_ibfk_1` FOREIGN KEY (`id_produk`) REFERENCES `produk` (`id`),
  ADD CONSTRAINT `produk_detail_ibfk_2` FOREIGN KEY (`id_items`) REFERENCES `items` (`id`);

--
-- Constraints for table `produk_harga`
--
ALTER TABLE `produk_harga`
  ADD CONSTRAINT `produk_harga_ibfk_1` FOREIGN KEY (`userid`) REFERENCES `pengguna` (`username`),
  ADD CONSTRAINT `produk_harga_ibfk_2` FOREIGN KEY (`id_produk`) REFERENCES `produk` (`id`);

--
-- Constraints for table `produk_promo`
--
ALTER TABLE `produk_promo`
  ADD CONSTRAINT `produk_promo_ibfk_1` FOREIGN KEY (`id_produk`) REFERENCES `produk` (`id`),
  ADD CONSTRAINT `produk_promo_ibfk_2` FOREIGN KEY (`userid`) REFERENCES `pengguna` (`username`);

--
-- Constraints for table `reservasi`
--
ALTER TABLE `reservasi`
  ADD CONSTRAINT `reservasi_ibfk_1` FOREIGN KEY (`pengayah_id`) REFERENCES `pengayah` (`id`),
  ADD CONSTRAINT `reservasi_ibfk_2` FOREIGN KEY (`guide_id`) REFERENCES `guide` (`id`),
  ADD CONSTRAINT `reservasi_ibfk_3` FOREIGN KEY (`userid`) REFERENCES `pengguna` (`username`),
  ADD CONSTRAINT `reservasi_ibfk_4` FOREIGN KEY (`namatamu`) REFERENCES `pengunjung` (`id`);

--
-- Constraints for table `reservasi_detail`
--
ALTER TABLE `reservasi_detail`
  ADD CONSTRAINT `reservasi_detail_ibfk_1` FOREIGN KEY (`id_transaksi`) REFERENCES `reservasi` (`id`);

--
-- Constraints for table `reservasi_pengunjung`
--
ALTER TABLE `reservasi_pengunjung`
  ADD CONSTRAINT `reservasi_pengunjung_ibfk_1` FOREIGN KEY (`id_detail`) REFERENCES `reservasi_detail` (`id`);

--
-- Constraints for table `store`
--
ALTER TABLE `store`
  ADD CONSTRAINT `store_ibfk_1` FOREIGN KEY (`userid`) REFERENCES `pengguna` (`username`);

--
-- Constraints for table `store_transaksi_detail`
--
ALTER TABLE `store_transaksi_detail`
  ADD CONSTRAINT `store_transaksi_detail_ibfk_1` FOREIGN KEY (`id_transaksi`) REFERENCES `store_transaksi` (`id`),
  ADD CONSTRAINT `store_transaksi_detail_ibfk_2` FOREIGN KEY (`id_produk`) REFERENCES `items` (`id`);

--
-- Constraints for table `tbl_state`
--
ALTER TABLE `tbl_state`
  ADD CONSTRAINT `tbl_state_ibfk_1` FOREIGN KEY (`country_code`) REFERENCES `tbl_country` (`code`);
COMMIT;

/*!40101 SET CHARACTER_SET_CLIENT=@OLD_CHARACTER_SET_CLIENT */;
/*!40101 SET CHARACTER_SET_RESULTS=@OLD_CHARACTER_SET_RESULTS */;
/*!40101 SET COLLATION_CONNECTION=@OLD_COLLATION_CONNECTION */;
